id,title,price,price_raw,currency,description,location,district,date_posted,date_scraped,category,subcategory,url,phone_visible,phone
4155142,Zaslin ajil xiine,1,1₮,MNT,,"УБ — Сүхбаатар, Сүхбаатар, Хороо 1",Сүхбаатар,Өчигдөр,2026-03-03T01:54:44+00:00,construction,,https://www.unegui.mn/adv/4155142_zaslin-ajil-xiine/,no,
6458493,Интерьер болон урсгал засвар,,Үнэ тохирно,MNT,,"УБ — Сүхбаатар, Сүхбаатар, Хороо 1",Сүхбаатар,2 өдрийн өмнө,2026-03-03T01:54:44+00:00,construction,,https://www.unegui.mn/adv/6458493_interer-bolon-ursgal-zasvar/,no,
10036768,Цахилгааны ажил авч хийнэ,,Үнэ тохирно,MNT,,"УБ — Сүхбаатар, Сүхбаатар, Хороо 1",Сүхбаатар,3 өдрийн өмнө,2026-03-03T01:54:44+00:00,construction,,https://www.unegui.mn/adv/10036768_tsakhilgaany-azhil-chanartai-khiine/,no,
6585304,Сэндвичин барилга барих үйлчилгээ,150000,"150,000₮",MNT,,"УБ — Сүхбаатар, Сүхбаатар, Хороо 1",Сүхбаатар,3 өдрийн өмнө,2026-03-03T01:54:44+00:00,construction,,https://www.unegui.mn/adv/6585304_sendvichin-barilga/,no,
6251963,Засал чимэглэл хийнэ,,Үнэ тохирно,MNT,,"УБ — Сүхбаатар, Сүхбаатар, Хороо 1",Сүхбаатар,3 өдрийн өмнө,2026-03-03T01:54:44+00:00,construction,,https://www.unegui.mn/adv/6251963_zasal-chimeglel/,no,
8150582,Дуудлагын цахилгаанчин,,Үнэ тохирно,MNT,,"УБ — Сүхбаатар, Сүхбаатар, Хороо 1",Сүхбаатар,4 өдрийн өмнө,2026-03-03T01:54:44+00:00,construction,,https://www.unegui.mn/adv/8150582_tsakhilgaanchin-duudlagiin-tsahilgaanchin/,no,
2050172,"Эргэлтийн цэг, кадастрын зураг, хянан баталгаа, геодезийн ажилууд",60,60₮,MNT,,"УБ — Сүхбаатар, Сүхбаатар, Хороо 1",Сүхбаатар,4 өдрийн өмнө,2026-03-03T01:54:44+00:00,construction,,https://www.unegui.mn/adv/2050172_kadatriin-zurag-hyamd-turgen-shurhai-hiine/,no,
7627232,Дотоод засал хийнэ гэр бүл,,Үнэ тохирно,MNT,,"УБ — Сүхбаатар, 11-р хороолол",Сүхбаатар,5 өдрийн өмнө,2026-03-03T01:54:44+00:00,construction,,https://www.unegui.mn/adv/7627232_dotood-zasal-ger-bul/,no,
2659226,Обой наана,,Үнэ тохирно,MNT,,"УБ — Сүхбаатар, Сүхбаатар, Хороо 1",Сүхбаатар,1 долоо хоногийн өмнө,2026-03-03T01:54:44+00:00,construction,,https://www.unegui.mn/adv/2659226_oboi-naana-chanartai/,no,
10118342,Вакум цонх засвар шил толь лангуу тавиур,,Үнэ тохирно,MNT,,"УБ — Сүхбаатар, 100 айл",Сүхбаатар,3 долоо хоногийн өмнө,2026-03-03T01:54:44+00:00,construction,,https://www.unegui.mn/adv/10118342_vakum-tsonkh-zasvar-shil-tol-languu-taviur/,no,
4636189,"Партишн хана, дан шилэн хана",200000,"200,000₮",MNT,,"УБ — Сүхбаатар, Сүхбаатар, Хороо 1",Сүхбаатар,2 цагийн өмнө,2026-03-03T01:54:44+00:00,construction,,https://www.unegui.mn/adv/4636189_partishn-khana-dan-shilen-khana-zakhialga/,no,
2350842,Вакум метал цонх хаалганы засвар үйлчилгээ,8000,"8,000₮",MNT,,"УБ — Сүхбаатар, 11-р хороолол",Сүхбаатар,Өчигдөр,2026-03-03T01:54:44+00:00,construction,,https://www.unegui.mn/adv/2350842_vakum-tsonkh-khaalgany-zasvar-uilchchillgee/,no,
4658446,"Барилгын суурь болон барилга нураалт, газар шорооны ажил",111120,"111,120₮",MNT,,"УБ — Сүхбаатар, Сүхбаатар, Хороо 1",Сүхбаатар,Өчигдөр,2026-03-03T01:54:44+00:00,construction,,https://www.unegui.mn/adv/4658446_barilgyn-suur-ukhna/,no,
8045089,Бетон шал өнгөлгөө,25000,"25,000₮",MNT,,"УБ — Сүхбаатар, Сүхбаатар, Хороо 20",Сүхбаатар,Өчигдөр,2026-03-03T01:54:44+00:00,construction,,https://www.unegui.mn/adv/8045089_beton-shal-ongolgoo/,no,
8189310,Бетон цутгалт хийнэ,15000,"15,000₮",MNT,,"УБ — Сүхбаатар, 2-р сургууль",Сүхбаатар,Өчигдөр,2026-03-03T01:54:44+00:00,construction,,https://www.unegui.mn/adv/8189310_beton-tsutgalt-khiine/,no,
5026306,Обой наана хувь айлын засвар хийнэ,,Үнэ тохирно,MNT,,"УБ — Сүхбаатар, Сүхбаатар, Хороо 1",Сүхбаатар,Өчигдөр,2026-03-03T01:54:44+00:00,construction,,https://www.unegui.mn/adv/5026306_oboi-naana-khuv-ailyn-zasvar-khiine/,no,
8424366,Асфальт болон бетонон зам талбай зүсэж хөрөөднө.,10000,"10,000₮",MNT,,"УБ — Сүхбаатар, Сүхбаатар, Хороо 1",Сүхбаатар,Өчигдөр,2026-03-03T01:54:44+00:00,construction,,https://www.unegui.mn/adv/8424366_asfalt-bolon-betonon-zam-talbai-zusezh-khoroodno/,no,
2771046,Цахилгаан гагнуурын ажил дуудлагаар хийж үйлчилнэ,60000,"60,000₮100,000₮",MNT,,"УБ — Сүхбаатар, Сүхбаатар, Хороо 1",Сүхбаатар,Өчигдөр,2026-03-03T01:54:44+00:00,construction,,https://www.unegui.mn/adv/2771046_tsakhilgaan-gagnuur-duudalgaar-khiizh-uilchilne/,no,
7934741,Сантехник дуудлага засвар,,Үнэ тохирно,MNT,,"УБ — Сүхбаатар, Сүхбаатар, Хороо 1",Сүхбаатар,1 өдрийн өмнө,2026-03-03T01:54:44+00:00,construction,,https://www.unegui.mn/adv/7934741_santekhnik-duudlaga-zasvar/,no,
9199862,Дотоод заслын ажлууд хийж үйлчилнэ.,,Үнэ тохирно,MNT,,"УБ — Сүхбаатар, Сүхбаатар, Хороо 1",Сүхбаатар,1 өдрийн өмнө,2026-03-03T01:54:44+00:00,construction,,https://www.unegui.mn/adv/9199862_dotood-zaslyn-azhluud-khiizh-uilchilne-emuls-oboi-zamask-budag-parket-muzhaan-khiine/,no,
5709817,Дуудлагын цахилгаанчин,,Үнэ тохирно,MNT,,"УБ — Сүхбаатар, Сүхбаатар, Хороо 1",Сүхбаатар,1 өдрийн өмнө,2026-03-03T01:54:44+00:00,construction,,https://www.unegui.mn/adv/5709817_duudlagyn-tsakhilgaanchin/,no,
7301686,Гагнуурын ажил хийнэ,900,900₮,MNT,,"УБ — Сүхбаатар, Сүхбаатар, Хороо 1",Сүхбаатар,1 өдрийн өмнө,2026-03-03T01:54:44+00:00,construction,,https://www.unegui.mn/adv/7301686_gagnuuryn-azhil-khiine/,no,
7301962,Сантeхникийн ажил хийнэ,9010,"9,010₮",MNT,,"УБ — Сүхбаатар, Сүхбаатар, Хороо 1",Сүхбаатар,1 өдрийн өмнө,2026-03-03T01:54:44+00:00,construction,,https://www.unegui.mn/adv/7301962_santekhnikiin-azhil-khiine/,no,
4834706,Цагаан замаск эмулс хийнэ,,Үнэ тохирно,MNT,,"УБ — Сүхбаатар, Сүхбаатар, Хороо 1",Сүхбаатар,2 өдрийн өмнө,2026-03-03T01:54:44+00:00,construction,,https://www.unegui.mn/adv/4834706_tsagaan-zamask-emuls-khiine/,no,
5295000,Дотоод засал чимэглэл,,Үнэ тохирно,MNT,,"УБ — Сүхбаатар, Сүхбаатар, Хороо 1",Сүхбаатар,4 өдрийн өмнө,2026-03-03T01:54:44+00:00,construction,,https://www.unegui.mn/adv/5295000_dotood-zasal-chimeglel/,no,
8061515,Балконы хаалт засвар үйлчилгээ,20,20₮,MNT,,"УБ — Сүхбаатар, Сүхбаатар, Хороо 1",Сүхбаатар,4 өдрийн өмнө,2026-03-03T01:54:44+00:00,construction,,https://www.unegui.mn/adv/8061515_balkony-khaalt-zasvar-uilchilgee/,no,
8062349,Шайд стар конч вакум,10,10₮,MNT,,"УБ — Сүхбаатар, Сүхбаатар, Хороо 1",Сүхбаатар,4 өдрийн өмнө,2026-03-03T01:54:44+00:00,construction,,https://www.unegui.mn/adv/8062349_shaid-star-konch-vakum/,no,
6157821,Вакум цонх хийнэ,180000,"180,000₮",MNT,,"УБ — Сүхбаатар, Сүхбаатар, Хороо 1",Сүхбаатар,4 өдрийн өмнө,2026-03-03T01:54:44+00:00,construction,,https://www.unegui.mn/adv/6157821_vakum-tsonkh/,no,
2889240,Хана хөрөөдөж усан өрөмөөр өрөмдөнө,,Үнэ тохирно,MNT,,"УБ — Сүхбаатар, Сүхбаатар, Хороо 1",Сүхбаатар,4 өдрийн өмнө,2026-03-03T01:54:44+00:00,construction,,https://www.unegui.mn/adv/2889240_khana-khoroodozh-usan-oromoor-oromdono-88391717/,no,
9374565,Явган зам хийнэ,28000,"28,000₮",MNT,,"УБ — Сүхбаатар, Дарь Эх",Сүхбаатар,4 өдрийн өмнө,2026-03-03T01:54:44+00:00,construction,,https://www.unegui.mn/adv/9374565_iavgan-zam/,no,
9773323,Бүх төрлийн нураалт хийнэ,1,1₮,MNT,,"УБ — Сүхбаатар, 11-р хороолол",Сүхбаатар,4 өдрийн өмнө,2026-03-03T01:54:44+00:00,construction,,https://www.unegui.mn/adv/9773323_bukh-torliin-nuraalt-khiine/,no,
5901744,"Геодези, кадастр байрзүйн зураг",1,1₮,MNT,,"УБ — Сүхбаатар, Сүхбаатар, Хороо 1",Сүхбаатар,5 өдрийн өмнө,2026-03-03T01:54:44+00:00,construction,,https://www.unegui.mn/adv/5901744_geodezi-kadastr-zuragzuin-uildverlel/,no,
10153411,Карказан гэр хийнэ,18,18.5 сая₮,MNT,,"УБ — Сүхбаатар, Сүхбаатар, Хороо 16",Сүхбаатар,5 өдрийн өмнө,2026-03-03T01:54:44+00:00,construction,,https://www.unegui.mn/adv/10153411_karkazan-ger-khemzhee-zagvaryn-songolttoi-khiiseer-baina/,no,
6342106,Дуудлагын сантехникийн засвар,50000,"50,000₮",MNT,,"УБ — Сүхбаатар, Сүхбаатар, Хороо 1",Сүхбаатар,6 өдрийн өмнө,2026-03-03T01:54:44+00:00,construction,,https://www.unegui.mn/adv/6342106_duudlagyn-santekhnikiin-zasvar-khiine-mon-shineer-ugsarna/,no,
5611997,Кадастрын зураг эргэлтийн цэг,30000,"30,000₮",MNT,,"УБ — Сүхбаатар, Сүхбаатар, Хороо 1",Сүхбаатар,6 өдрийн өмнө,2026-03-03T01:54:44+00:00,construction,,https://www.unegui.mn/adv/5611997_kadastryn-zurag-ergeltiin-tseg-todorkhoilno/,no,
5721578,"Кадастрын зураг, эргэлтийн цэг геодезийн хэмжилт хийнэ.",30000,"30,000₮",MNT,,"УБ — Сүхбаатар, Сүхбаатар, Хороо 1",Сүхбаатар,6 өдрийн өмнө,2026-03-03T01:54:44+00:00,construction,,https://www.unegui.mn/adv/5721578_kadastryn-zurag-ergeltiin-tseg-bukh-toroliin-geodeziin-khemzhilt-khiine/,no,
5404432,Төмөр хийц,30000,"30,000₮",MNT,,"УБ — Сүхбаатар, Сүхбаатар, Хороо 1",Сүхбаатар,6 өдрийн өмнө,2026-03-03T01:54:44+00:00,construction,,https://www.unegui.mn/adv/5404432_tomor-khiits/,no,
2094986,"Гадна болон барилгын дотор цахилгаан, холбоо дохиоллын ажил хийнэ",,Үнэ тохирно,MNT,,"УБ — Сүхбаатар, 100 айл",Сүхбаатар,1 долоо хоногийн өмнө,2026-03-03T01:54:44+00:00,construction,,https://www.unegui.mn/adv/2094986_tsakhilgaany-bukh-torliin-azhil-chanartai-batalgaa-gargazh-khiizh-guitsetgene/,no,
7497024,Дотор модон хаалга суулгана,90000,"90,000₮",MNT,,"УБ — Сүхбаатар, Сүхбаатар, Хороо 1",Сүхбаатар,1 долоо хоногийн өмнө,2026-03-03T01:54:44+00:00,construction,,https://www.unegui.mn/adv/7497024_dotor-modon-khaalga-suulgana/,no,
6486203,Био эко жорлон,3,3.1 сая₮,MNT,,"УБ — Сүхбаатар, Сүхбаатар, Хороо 13",Сүхбаатар,1 долоо хоногийн өмнө,2026-03-03T01:54:44+00:00,construction,,https://www.unegui.mn/adv/6486203_bio-eko-zhorlon/,no,
5639717,Гипсэн хана тааз гоёлын хавтан наах хаалга паркэт мужааны ажилууд хийнэ,1,1₮,MNT,,"УБ — Сүхбаатар, Сүхбаатар, Хороо 1",Сүхбаатар,1 долоо хоногийн өмнө,2026-03-03T01:54:44+00:00,construction,,https://www.unegui.mn/adv/5639717_parketan-shal-shakhna-khaalga-aark-suulgana-gipsen-khana-taaz-khiine/,no,
2281445,Интерьер болон урсгал засвар,,Үнэ тохирно,MNT,,"УБ — Сүхбаатар, 100 айл",Сүхбаатар,1 долоо хоногийн өмнө,2026-03-03T01:54:44+00:00,construction,,https://www.unegui.mn/adv/2281445_interer-bolon-ursgal-zasvar-khiizh-guitsetgene/,no,
3107764,"Интерьер, экстерьер зураг гаргана",20000,"20,000₮",MNT,,"УБ — Сүхбаатар, Сүхбаатар, Хороо 1",Сүхбаатар,1 долоо хоногийн өмнө,2026-03-03T01:54:44+00:00,construction,,https://www.unegui.mn/adv/3107764_interer-eksterer-zurag-tosol-chanaryn-ondor-tuvshind-gargana/,no,
9395426,"Барилгын төсөв, тооцоо мэргэжлийн түвшинд хийнэ",8,8₮,MNT,,"УБ — Сүхбаатар, Сүхбаатар, Хороо 11",Сүхбаатар,1 долоо хоногийн өмнө,2026-03-03T01:54:44+00:00,construction,,https://www.unegui.mn/adv/9395426_barilgyn-tosov-khiine/,no,
8198471,Обой эмульс болон бүх төрлийн заслын ажил хийнэ,,Үнэ тохирно,MNT,,"УБ — Сүхбаатар, 11-р хороолол",Сүхбаатар,1 долоо хоногийн өмнө,2026-03-03T01:54:44+00:00,construction,,https://www.unegui.mn/adv/8198471_oboi-emuls-bolon-bukh-torliin-zaslyn-azhil-khiine/,no,
5053043,Агааржуулалт салхивч,20000,"20,000₮",MNT,,"УБ — Сүхбаатар, Сүхбаатар, Хороо 1",Сүхбаатар,1 долоо хоногийн өмнө,2026-03-03T01:54:44+00:00,construction,,https://www.unegui.mn/adv/5053043_agaarzhuulalt-salkhivch-khiizh-ugsarna/,no,
3008705,Хаус болон хувь айлын гадна фасад хийнэ,40000,"40,000₮",MNT,,"УБ — Сүхбаатар, Сүхбаатар, Хороо 1",Сүхбаатар,1 долоо хоногийн өмнө,2026-03-03T01:54:44+00:00,construction,,https://www.unegui.mn/adv/3008705_khaus-bolon-khuv-ailyn-gadna-fasad-khiine/,no,
5071394,Deever,8000,"8,000₮",MNT,,"УБ — Сүхбаатар, 5-р хороолол",Сүхбаатар,1 долоо хоногийн өмнө,2026-03-03T01:54:44+00:00,construction,,https://www.unegui.mn/adv/5071394_deever/,no,
7271666,Хустай трейд дээвэр хийнэ,8000,"8,000₮",MNT,,"УБ — Сүхбаатар, Сүхбаатар, Хороо 1",Сүхбаатар,1 долоо хоногийн өмнө,2026-03-03T01:54:44+00:00,construction,,https://www.unegui.mn/adv/7271666_deever/,no,
1431668,"Цэвэр бохирын шугам хөлдсөнийг гэсгээнэ, сан гагнуур хийнэ.",,Үнэ тохирно,MNT,,"УБ — Сүхбаатар, Сүхбаатар, Хороо 1",Сүхбаатар,1 долоо хоногийн өмнө,2026-03-03T01:54:44+00:00,construction,,https://www.unegui.mn/adv/1431668_santehnik-tsever-bolon-bohiryin-shugam-gesgeene-hld-gargana/,no,
5894429,Вакум цонх металл хаалга хана,15000,"15,000₮",MNT,,"УБ — Сүхбаатар, Сүхбаатар, Хороо 1",Сүхбаатар,1 долоо хоногийн өмнө,2026-03-03T01:54:44+00:00,construction,,https://www.unegui.mn/adv/5894429_vakum-tsonkh-metall-khaalga-khana/,no,
10047535,Bohirin bugluus gargana,,Үнэ тохирно,MNT,,"УБ — Сүхбаатар, 100 айл",Сүхбаатар,2 долоо хоногийн өмнө,2026-03-03T01:54:44+00:00,construction,,https://www.unegui.mn/adv/10047535_bohirin-bugluus-gargana/,no,
10019458,Вакум цонх хаалга шил солино,,Үнэ тохирно,MNT,,"УБ — Сүхбаатар, 100 айл",Сүхбаатар,2 долоо хоногийн өмнө,2026-03-03T01:54:44+00:00,construction,,https://www.unegui.mn/adv/10019458_vakum-tsonkh-khaalga-shil-solino/,no,
4635024,"Метал, шилэн фасад хийнэ",140000,"140,000₮",MNT,,"УБ — Сүхбаатар, Сүхбаатар, Хороо 4",Сүхбаатар,2 долоо хоногийн өмнө,2026-03-03T01:54:44+00:00,construction,,https://www.unegui.mn/adv/4635024_fasad-khiine/,no,
3556191,Эмулс болон замасk хийнэ,,Үнэ тохирно,MNT,,"УБ — Сүхбаатар, Сүхбаатар, Хороо 1",Сүхбаатар,2 долоо хоногийн өмнө,2026-03-03T01:54:44+00:00,construction,,https://www.unegui.mn/adv/3556191_emuls-zamask-khiine/,no,
9381125,Гадна тохижилтын ажил хийнэ,1,1₮,MNT,,"УБ — Сүхбаатар, Сүхбаатар, Хороо 1",Сүхбаатар,3 долоо хоногийн өмнө,2026-03-03T01:54:44+00:00,construction,,https://www.unegui.mn/adv/9381125_gadna-tokhizhiltyn-azhil-khiine/,no,
4126848,Барилгын бүх төрлийн зураг төсөл,1,1₮,MNT,,"УБ — Сүхбаатар, Сүхбаатар, Хороо 1",Сүхбаатар,3 долоо хоногийн өмнө,2026-03-03T01:54:44+00:00,construction,,https://www.unegui.mn/adv/4126848_barilgyn-bukh-torliin-zurag-tosol/,no,
4901398,Хөөсөн фасад,10000,"10,000₮",MNT,,"УБ — Сүхбаатар, Сүхбаатар, Хороо 1",Сүхбаатар,3 долоо хоногийн өмнө,2026-03-03T01:54:44+00:00,construction,,https://www.unegui.mn/adv/4901398_khooson-fasad/,no,
1525461,Tsever bohiriin hulduus uuraar gargana,,Үнэ тохирно,MNT,,"УБ — Сүхбаатар, Сүхбаатар, Хороо 1",Сүхбаатар,3 долоо хоногийн өмнө,2026-03-03T01:54:44+00:00,construction,,https://www.unegui.mn/adv/1525461_tsever-bohiriin-hulduus-uuraar-gargan/,no,
6858485,Экскаватор хово газар шорооны ажил хийнэ,1000,"1,000₮",MNT,,"УБ — Сүхбаатар, Сүхбаатар, Хороо 1",Сүхбаатар,3 долоо хоногийн өмнө,2026-03-03T01:54:44+00:00,construction,,https://www.unegui.mn/adv/6858485_tekhnikuud-turees-uilchilgee/,no,
2854906,"Төмөр хийц, төмөр хашаа, грашийн хаалга, цонхны хаалт, хайс",20000,"20,000₮",MNT,,"УБ — Сүхбаатар, Сүхбаатар, Хороо 1",Сүхбаатар,3 долоо хоногийн өмнө,2026-03-03T01:54:48+00:00,construction,,https://www.unegui.mn/adv/2854906_tumur-hiits-tumur-hashaa-zarna/,no,
4960246,Вакум цонхны засвар үйлчилгээ,5000,"5,000₮",MNT,,"УБ — Сүхбаатар, Сүхбаатар, Хороо 1",Сүхбаатар,4 долоо хоногийн өмнө,2026-03-03T01:54:48+00:00,construction,,https://www.unegui.mn/adv/4960246_vakum-tsonkhny-zasvar-uilchilgee/,no,
1360798,Вакум цонх хаалганы засвар үйлчилгээ,3000,"3,000₮",MNT,,"УБ — Сүхбаатар, Сүхбаатар, Хороо 1",Сүхбаатар,4 долоо хоногийн өмнө,2026-03-03T01:54:48+00:00,construction,,https://www.unegui.mn/adv/1360798_vakum-tsonh-haalganyi-zasvar-jlchilgee/,no,
6010111,Вакум металл цонх хаалганы үйлдвэр,140000,"140,000₮",MNT,,"УБ — Сүхбаатар, Сүхбаатар, Хороо 1",Сүхбаатар,1 сарын өмнө,2026-03-03T01:54:48+00:00,construction,,https://www.unegui.mn/adv/6010111_vakum-metall-tsonkh-khaalgany-uildver/,no,
2068765,Барилгын сантехникийн угсралт,,Үнэ тохирно,MNT,,"УБ — Сүхбаатар, Сүхбаатар, Хороо 1",Сүхбаатар,1 сарын өмнө,2026-03-03T01:54:48+00:00,construction,,https://www.unegui.mn/adv/2068765_barilgyn-santekhnikiin-ugsralt-khiizh-guitsetgene/,no,
2806117,Экска хово газар шорооны ажил хийнэ,1,1₮,MNT,,"УБ — Сүхбаатар, Сүхбаатар, Хороо 1",Сүхбаатар,2 сарын өмнө,2026-03-03T01:54:48+00:00,construction,,https://www.unegui.mn/adv/2806117_ekski-hovogoor-ajil-hiine/,no,
9495427,Дээвэр засварын үйлчилгээ,55000,"55,000₮",MNT,,"УБ — Сүхбаатар, Сүхбаатар, Хороо 9",Сүхбаатар,8 сарын өмнө,2026-03-03T01:54:48+00:00,construction,,https://www.unegui.mn/adv/9495427_deevriin-asuudlaa-bidend-daatga/,no,
7450232,Хувь айлын засвар хийнэ,,Үнэ тохирно,MNT,,"УБ — Сүхбаатар, Дамбадаржаа",Сүхбаатар,16 минутын өмнө,2026-03-03T01:54:48+00:00,construction,,https://www.unegui.mn/adv/7450232_khuv-ailyn-zasvar-khiine/,no,
6790190,Хөшиг тогтооно,,Үнэ тохирно,MNT,,"УБ — Сүхбаатар, Сүхбаатар, Хороо 1",Сүхбаатар,18 минутын өмнө,2026-03-03T01:54:48+00:00,construction,,https://www.unegui.mn/adv/6790190_khoshig-togtoono/,no,
3580949,Сууцны талбайн хэмжилт,1,1₮,MNT,,"УБ — Сүхбаатар, Сүхбаатар, Хороо 1",Сүхбаатар,25 минутын өмнө,2026-03-03T01:54:48+00:00,construction,,https://www.unegui.mn/adv/3580949_suutsny-talbain-khemzhilt/,no,
4498736,Цоолно нураана,,Үнэ тохирно,MNT,,"УБ — Сүхбаатар, Сүхбаатар, Хороо 1",Сүхбаатар,27 минутын өмнө,2026-03-03T01:54:48+00:00,construction,,https://www.unegui.mn/adv/4498736_tsoolno-nuraana/,no,
9348385,Зөөврийн сууц захиалгаар хийнэ,24,24 сая₮,MNT,,"УБ — Сүхбаатар, Дамбадаржаа",Сүхбаатар,2 цагийн өмнө,2026-03-03T01:54:48+00:00,construction,,https://www.unegui.mn/adv/9348385_zoovriin-suuts-zakhialgaar-khiine/,no,
5543797,Вакум цонх дулаална,,Үнэ тохирно,MNT,,"УБ — Сүхбаатар, Сүхбаатар, Хороо 1",Сүхбаатар,2 цагийн өмнө,2026-03-03T01:54:48+00:00,construction,,https://www.unegui.mn/adv/5543797_vakum-tsonkh-dulaalna/,no,
5064511,Deewriin zaswar vilchilgee xiine.,100,100₮,MNT,,"УБ — Сүхбаатар, Сүхбаатар, Хороо 1",Сүхбаатар,2 цагийн өмнө,2026-03-03T01:54:48+00:00,construction,,https://www.unegui.mn/adv/5064511_deewriin-zaswar-vilchilgee-xiine/,no,
5908462,"Бүх төрлийн хана таазны хөөсөн хүрээ, гипсэн хүрээ, гоёлын хүрээ наана",,Үнэ тохирно,MNT,,"УБ — Сүхбаатар, Сүхбаатар, Хороо 1",Сүхбаатар,2 цагийн өмнө,2026-03-03T01:54:48+00:00,construction,,https://www.unegui.mn/adv/5908462_bukh-torliin-khana-taazny-khooson-khuree-gipsen-khuree-goiolyn-khuree-naana/,no,
6015143,Шалны дулаалга хийнэ,1,1₮,MNT,,"УБ — Сүхбаатар, Сүхбаатар, Хороо 1",Сүхбаатар,2 цагийн өмнө,2026-03-03T01:54:48+00:00,construction,,https://www.unegui.mn/adv/6015143_shalny-dulaalga-khiine/,no,
4918363,Gipseer aguulax xiine,1,1₮,MNT,,"УБ — Сүхбаатар, Сүхбаатар, Хороо 1",Сүхбаатар,2 цагийн өмнө,2026-03-03T01:54:48+00:00,construction,,https://www.unegui.mn/adv/4918363_gipseer-aguulax-xiine/,no,
4376014,Бүх төрлийн тавилга өрөмдөж тогтооно,1,1₮,MNT,,"УБ — Сүхбаатар, Сүхбаатар, Хороо 1",Сүхбаатар,2 цагийн өмнө,2026-03-03T01:54:48+00:00,construction,,https://www.unegui.mn/adv/4376014_xana-taazand-ed-zvils-togtoono/,no,
4376050,Xuwi aild gadna pasad dulaalga xiine,7700,"7,700₮",MNT,,"УБ — Сүхбаатар, Сүхбаатар, Хороо 1",Сүхбаатар,2 цагийн өмнө,2026-03-03T01:54:48+00:00,construction,,https://www.unegui.mn/adv/4376050_xuwi-aild-gadna-pasad-dulaalga-xiine/,no,
6206746,Budag emulisnii ajil xiij gvitsetgene,4000,"4,000₮",MNT,,"УБ — Сүхбаатар, Сүхбаатар, Хороо 1",Сүхбаатар,2 цагийн өмнө,2026-03-03T01:54:48+00:00,construction,,https://www.unegui.mn/adv/6206746_budag-emulisnii-ajil-xiij-gvitsetgene/,no,
4439285,Xuwi aild oir zuuriin jijig sajig urlug xiine...,66670,"66,670₮",MNT,,"УБ — Сүхбаатар, Сүхбаатар, Хороо 1",Сүхбаатар,2 цагийн өмнө,2026-03-03T01:54:48+00:00,construction,,https://www.unegui.mn/adv/4439285_xuwi-aild-oir-zuuriin-jijig-sajig-urlug-xiine/,no,
4458940,"Baishin, tambar, ambaar, grashiin deewriin ajil xiij gvitsetgene",5560,"5,560₮",MNT,,"УБ — Сүхбаатар, Сүхбаатар, Хороо 1",Сүхбаатар,2 цагийн өмнө,2026-03-03T01:54:48+00:00,construction,,https://www.unegui.mn/adv/4458940_baishin-tambar-ambaar-grashiin-deewriin-ajil-xiij-gvitsetgene/,no,
6053913,"Хуванцар, мод бүх төрлийн шал таазны гарниз, блинтүс наана",,Үнэ тохирно,MNT,,"УБ — Сүхбаатар, Сүхбаатар, Хороо 1",Сүхбаатар,2 цагийн өмнө,2026-03-03T01:54:48+00:00,construction,,https://www.unegui.mn/adv/6053913_khuvantsar-mod-bukh-torliin-shal-taazny-garniz-blintus-naana/,no,
4376152,Kundaam shugaman suurinii nvx uxna,1,1₮,MNT,,"УБ — Сүхбаатар, Сүхбаатар, Хороо 1",Сүхбаатар,2 цагийн өмнө,2026-03-03T01:54:48+00:00,construction,,https://www.unegui.mn/adv/4376152_kundaam-shugaman-suurinii-nvx-uxna/,no,
4391407,Xuwi aild gipseer gipsen xananii ajil xiine,10000,"10,000₮",MNT,,"УБ — Сүхбаатар, Сүхбаатар, Хороо 1",Сүхбаатар,2 цагийн өмнө,2026-03-03T01:54:48+00:00,construction,,https://www.unegui.mn/adv/4391407_xuwi-aild-gipseer-gipsen-xananii-ajil-xiine/,no,
6176484,00 ариун цэврийн өрөөнд тохижилтын ажил хийж гүйцэтгэнэ,,Үнэ тохирно,MNT,,"УБ — Сүхбаатар, Сүхбаатар, Хороо 1",Сүхбаатар,2 цагийн өмнө,2026-03-03T01:54:48+00:00,construction,,https://www.unegui.mn/adv/6176484_00-ariun-tsevriin-oroond-tokhizhiltyn-azhil-khiizh-guitsetgene/,no,
7505082,Дотор модон хаалга суулгана,90000,"90,000₮",MNT,,"УБ — Сүхбаатар, Сүхбаатар, Хороо 1",Сүхбаатар,2 цагийн өмнө,2026-03-03T01:54:48+00:00,construction,,https://www.unegui.mn/adv/7505082_dotor-modon-khaalga-suulgana/,no,
4490933,Siding xuusun pasaad xiine,18000,"18,000₮",MNT,,"УБ — Сүхбаатар, Сүхбаатар, Хороо 1",Сүхбаатар,2 цагийн өмнө,2026-03-03T01:54:48+00:00,construction,,https://www.unegui.mn/adv/4490933_siding-xuusun-pasaad-xiine/,no,
7221067,Молоток нураалт буулгалтын ажил хийнэ...,,Үнэ тохирно,MNT,,"УБ — Сүхбаатар, Сүхбаатар, Хороо 1",Сүхбаатар,2 цагийн өмнө,2026-03-03T01:54:48+00:00,construction,,https://www.unegui.mn/adv/7221067_molotok-nuraalt-buulgaltyn-azhil-khiine/,no,
4894181,"Yawgan zam, dowjoo, xayawch tsutgana",,Үнэ тохирно,MNT,,"УБ — Сүхбаатар, Сүхбаатар, Хороо 1",Сүхбаатар,2 цагийн өмнө,2026-03-03T01:54:48+00:00,construction,,https://www.unegui.mn/adv/4894181_yawgan-zam-dowjoo-xayawch-tsutgana/,no,
6762163,Гипсээр тусгаарлах хананы ажил хийнээ...,2,2₮,MNT,,"УБ — Сүхбаатар, Сүхбаатар, Хороо 1",Сүхбаатар,2 цагийн өмнө,2026-03-03T01:54:48+00:00,construction,,https://www.unegui.mn/adv/6762163_gipseer-tusgaarlakh-khanany-azhil-khiinee/,no,
5891213,Угаалгын машины гадуур чулуугаар хайрцаглана,,Үнэ тохирно,MNT,,"УБ — Сүхбаатар, Сүхбаатар, Хороо 1",Сүхбаатар,2 цагийн өмнө,2026-03-03T01:54:48+00:00,construction,,https://www.unegui.mn/adv/5891213_ugaalgyn-mashiny-gaduur-chuluugaar-khairtsaglana/,no,
4376339,Xaalga waakuum tsonx suulgana,70000,"70,000₮",MNT,,"УБ — Сүхбаатар, Сүхбаатар, Хороо 1",Сүхбаатар,2 цагийн өмнө,2026-03-03T01:54:48+00:00,construction,,https://www.unegui.mn/adv/4376339_xaalga-waakuum-tsonx-suulgana/,no,
5110882,"Ugaalgiin mashinii suuri xiine, mun bannii nvvrnii xaalt xiine",,Үнэ тохирно,MNT,,"УБ — Сүхбаатар, Сүхбаатар, Хороо 1",Сүхбаатар,2 цагийн өмнө,2026-03-03T01:54:48+00:00,construction,,https://www.unegui.mn/adv/5110882_ugaalgiin-mashinii-suuri-xiine-mun-bannii-nvvrnii-xaalt-xiine/,no,
4376076,Xuwi aild betonii ajil xiine.,8000,"8,000₮",MNT,,"УБ — Сүхбаатар, Сүхбаатар, Хороо 1",Сүхбаатар,2 цагийн өмнө,2026-03-03T01:54:48+00:00,construction,,https://www.unegui.mn/adv/4376076_xuwi-aild-betonii-ajil-xiine/,no,
4853357,Bann suulgana,,Үнэ тохирно,MNT,,"УБ — Сүхбаатар, Сүхбаатар, Хороо 1",Сүхбаатар,2 цагийн өмнө,2026-03-03T01:54:48+00:00,construction,,https://www.unegui.mn/adv/4853357_bann-suulgana/,no,
4376048,Xuwi aild makiin blok urnu,50000,"50,000₮",MNT,,"УБ — Сүхбаатар, Сүхбаатар, Хороо 1",Сүхбаатар,2 цагийн өмнө,2026-03-03T01:54:48+00:00,construction,,https://www.unegui.mn/adv/4376048_xuwi-aild-makiin-blok-urnu/,no,
4376007,Xuwi aild 00-iin pilta bolon gal togoonii pilta xuulna,60000,"60,000₮",MNT,,"УБ — Сүхбаатар, Сүхбаатар, Хороо 1",Сүхбаатар,2 цагийн өмнө,2026-03-03T01:54:48+00:00,construction,,https://www.unegui.mn/adv/4376007_xuwi-aild-00-iin-pilta-bolon-gal-togoonii-pilta-xuulna/,no,
7288417,Гадна сайтинг хийнэ.,16000,"16,000₮",MNT,,"УБ — Сүхбаатар, Сүхбаатар, Хороо 1",Сүхбаатар,2 цагийн өмнө,2026-03-03T01:54:48+00:00,construction,,https://www.unegui.mn/adv/7288417_gadna-saiting-khiine/,no,
4432388,Xuwi ailiin baishind dotor dulaalganii ajil xiine,10000,"10,000₮",MNT,,"УБ — Сүхбаатар, Сүхбаатар, Хороо 1",Сүхбаатар,2 цагийн өмнө,2026-03-03T01:54:48+00:00,construction,,https://www.unegui.mn/adv/4432388_xuwi-ailiin-baishind-dotor-dulaalganii-ajil-xiine/,no,
4525177,Хувь айлын зуны байшин доторлогоо,1,1₮,MNT,,"УБ — Сүхбаатар, Сүхбаатар, Хороо 1",Сүхбаатар,2 цагийн өмнө,2026-03-03T01:54:48+00:00,construction,,https://www.unegui.mn/adv/4525177_dulaalga-xiine/,no,
4861187,Balkonii ajil xiij gvitsetgene,1,1₮,MNT,,"УБ — Сүхбаатар, Сүхбаатар, Хороо 1",Сүхбаатар,2 цагийн өмнө,2026-03-03T01:54:48+00:00,construction,,https://www.unegui.mn/adv/4861187_balkonii-ajil/,no,
6960658,"Дуудлагаар модон хаалганы цоож, нугас суулгана, хаалганы гол, бариул солино....",,Үнэ тохирно,MNT,,"УБ — Сүхбаатар, Сүхбаатар, Хороо 1",Сүхбаатар,2 цагийн өмнө,2026-03-03T01:54:48+00:00,construction,,https://www.unegui.mn/adv/6960658_duudlagaar-modon-khaalgany-tsoozh-nugas-suulgana-khaalgany-gol-bariul-solino/,no,
4433034,Bvrged xaalga suulgana,80000,"80,000₮",MNT,,"УБ — Сүхбаатар, Сүхбаатар, Хороо 1",Сүхбаатар,2 цагийн өмнө,2026-03-03T01:54:48+00:00,construction,,https://www.unegui.mn/adv/4433034_bvrged-xaalga-suulgana/,no,
4376437,Usnii xayalaga xiine,890,890₮,MNT,,"УБ — Сүхбаатар, Сүхбаатар, Хороо 1",Сүхбаатар,2 цагийн өмнө,2026-03-03T01:54:48+00:00,construction,,https://www.unegui.mn/adv/4376437_usnii-xayalaga-xiine/,no,
4376291,Xuwi aild silikonii ajil xiine,1,1₮,MNT,,"УБ — Сүхбаатар, Сүхбаатар, Хороо 1",Сүхбаатар,2 цагийн өмнө,2026-03-03T01:54:48+00:00,construction,,https://www.unegui.mn/adv/4376291_xuwi-aild-silikonii-ajil-xiine/,no,
4516803,"Xuwi aild deewer, tuurganii dulaalga xiij gvitsetgene",6000,"6,000₮",MNT,,"УБ — Сүхбаатар, Сүхбаатар, Хороо 1",Сүхбаатар,2 цагийн өмнө,2026-03-03T01:54:48+00:00,construction,,https://www.unegui.mn/adv/4516803_xuwi-aild-deewer-gadna-pasad-tuurganii-dulaalga-xiij-gvitsetgene/,no,
4376368,Garniz belentvvsnii ajil xiine...,1,1₮,MNT,,"УБ — Сүхбаатар, Сүхбаатар, Хороо 1",Сүхбаатар,2 цагийн өмнө,2026-03-03T01:54:48+00:00,construction,,https://www.unegui.mn/adv/4376368_garniz-belentvvsnii-ajil-xiine/,no,
4376137,Xuwi aild mod banz blokoor jijig ambaar saw xiine,1,1₮,MNT,,"УБ — Сүхбаатар, Сүхбаатар, Хороо 1",Сүхбаатар,2 цагийн өмнө,2026-03-03T01:54:48+00:00,construction,,https://www.unegui.mn/adv/4376137_xuwi-aild-mod-banz-blokoor-jijig-ambaar-saw-xiine/,no,
4733471,Хөшиг абажур зурагт стeнк тавилга тогтооно,,Үнэ тохирно,MNT,,"УБ — Сүхбаатар, Сүхбаатар, Хороо 1",Сүхбаатар,2 цагийн өмнө,2026-03-03T01:54:48+00:00,construction,,https://www.unegui.mn/adv/4733471_bannii-nvvrnii-xaalt-xiij-gvitsetgene/,no,
4725444,"Grash, tambariin shugaman suuri, kundaam xiij gvitsetgene",,Үнэ тохирно,MNT,,"УБ — Сүхбаатар, Сүхбаатар, Хороо 1",Сүхбаатар,2 цагийн өмнө,2026-03-03T01:54:48+00:00,construction,,https://www.unegui.mn/adv/4725444_grash-tambariin-shugaman-suuri-kundaam-xiij-gvitsetgene/,no,
4846245,Konteiner dotorlono,20000,"20,000₮",MNT,,"УБ — Сүхбаатар, Сүхбаатар, Хороо 1",Сүхбаатар,2 цагийн өмнө,2026-03-03T01:54:48+00:00,construction,,https://www.unegui.mn/adv/4846245_konteiner-dotorlono/,no,
4385951,00-iin uruund eko xawtan naana bannii xaalt xiine,670,670₮,MNT,,"УБ — Сүхбаатар, Сүхбаатар, Хороо 1",Сүхбаатар,2 цагийн өмнө,2026-03-03T01:54:48+00:00,construction,,https://www.unegui.mn/adv/4385951_00-iin-uruund-eko-xawtan-naana-bannii-xaalt-xiine/,no,
4685033,Хөшиг абажур өрөмдөж тогтооно,25000,"25,000₮",MNT,,"УБ — Сүхбаатар, Сүхбаатар, Хороо 1",Сүхбаатар,2 цагийн өмнө,2026-03-03T01:54:48+00:00,construction,,https://www.unegui.mn/adv/4685033_khoshig-abazhur-oromdozh-togtoono/,no,
8195942,Дотор рекний ажил хийж гүйцэтгэнэ.,1,1₮,MNT,,"УБ — Сүхбаатар, Сүхбаатар, Хороо 1",Сүхбаатар,2 цагийн өмнө,2026-03-03T01:54:48+00:00,construction,,https://www.unegui.mn/adv/8195942_dotor-reknii-azhil-khiizh-guitsetgene/,no,
4376057,"Baishingiin tambar, grash barina.",8800,"8,800₮",MNT,,"УБ — Сүхбаатар, Сүхбаатар, Хороо 1",Сүхбаатар,2 цагийн өмнө,2026-03-03T01:54:48+00:00,construction,,https://www.unegui.mn/adv/4376057_baishingiin-tambar-grash-barina/,no,
4376210,Deewriin tumurnii ajil xiine.,5500,"5,500₮",MNT,,"УБ — Сүхбаатар, Сүхбаатар, Хороо 1",Сүхбаатар,2 цагийн өмнө,2026-03-03T01:54:48+00:00,construction,,https://www.unegui.mn/adv/4376210_deewriin-dulaalga-ajil-xiine/,no,
8204363,Бүх төрлийн байшин барина,1,1.55 сая₮,MNT,,"УБ — Сүхбаатар, Сүхбаатар, Хороо 1",Сүхбаатар,Өчигдөр,2026-03-03T01:54:48+00:00,construction,,https://www.unegui.mn/adv/8204363_bukh-torliin-baishin-barina/,no,
5856477,Haluun uuraar huldsun shugam hooloi gesgeene,1,1₮,MNT,,"УБ — Сүхбаатар, 100 айл",Сүхбаатар,Өчигдөр,2026-03-03T01:54:48+00:00,construction,,https://www.unegui.mn/adv/5856477_haluun-uuraar-huldsun-shugam-hooloi-gesgeene/,no,
8739005,Бохирын бөглөө гаргана,,Үнэ тохирно,MNT,,"УБ — Сүхбаатар, 100 айл",Сүхбаатар,Өчигдөр,2026-03-03T01:54:48+00:00,construction,,https://www.unegui.mn/adv/8739005_bokhiryn-bogloo-gargana/,no,
8829517,Bohirin bugluu gargana,,Үнэ тохирно,MNT,,"УБ — Сүхбаатар, 100 айл",Сүхбаатар,Өчигдөр,2026-03-03T01:54:55+00:00,construction,,https://www.unegui.mn/adv/8829517_bohirin-bugluu-gargana/,no,
9491489,Угаалтуурын бөглөөс гаргана,,Үнэ тохирно,MNT,,"УБ — Сүхбаатар, 100 айл",Сүхбаатар,Өчигдөр,2026-03-03T01:54:55+00:00,construction,,https://www.unegui.mn/adv/9491489_ugaaltuuryn-bogloos-gargana/,no,
10168545,Фасад хиинэ,50000,"50,000₮",MNT,,"УБ — Сүхбаатар, Сүхбаатар, Хороо 14",Сүхбаатар,Өчигдөр,2026-03-03T01:54:55+00:00,construction,,https://www.unegui.mn/adv/10168545_fasad-khiine/,no,
5522204,Хана эд зүйл тогтоонo,1,1₮,MNT,,"УБ — Сүхбаатар, Сүхбаатар, Хороо 1",Сүхбаатар,Өчигдөр,2026-03-03T01:54:55+00:00,construction,,https://www.unegui.mn/adv/5522204_khana-taaz-ed-zuil-togtoon/,no,
10168047,Цахилгааны ажил хийнэ.,1,1₮,MNT,,"УБ — Сүхбаатар, Дөлгөөн нуур",Сүхбаатар,Өчигдөр,2026-03-03T01:54:55+00:00,construction,,https://www.unegui.mn/adv/10168047_tsakhilgaany-azhil-khiine/,no,
9922974,Замаск хийнэ,1240,"1,240₮",MNT,,"УБ — Сүхбаатар, Сүхбаатар, Хороо 10",Сүхбаатар,Өчигдөр,2026-03-03T01:54:55+00:00,construction,,https://www.unegui.mn/adv/9922974_zamask-khiine/,no,
8875564,Тааз хананд эд зүйлс тогтооно,100000,"100,000₮",MNT,,"УБ — Сүхбаатар, 100 айл",Сүхбаатар,Өчигдөр,2026-03-03T01:54:55+00:00,construction,,https://www.unegui.mn/adv/8875564_taaz-khanand-ed-zuils-togtoono/,no,
10013222,Гипсэн хана хийнэ,12000,"12,000₮",MNT,,"УБ — Сүхбаатар, Сүхбаатар, Хороо 10",Сүхбаатар,Өчигдөр,2026-03-03T01:54:55+00:00,construction,,https://www.unegui.mn/adv/10013222_gipsen-khana-khiine/,no,
7324334,1.2.3.4өрөө байранд засварын ажил хийнэ,1,1 сая₮,MNT,,"УБ — Сүхбаатар, 5-р хороолол",Сүхбаатар,Өчигдөр,2026-03-03T01:54:55+00:00,construction,,https://www.unegui.mn/adv/7324334_1-2-3-4oroo-bairand-zasvaryn-azhil-khiine/,no,
7957494,Крантай машин,200000,"200,000₮",MNT,,"УБ — Сүхбаатар, Сүхбаатар, Хороо 1",Сүхбаатар,Өчигдөр,2026-03-03T01:54:55+00:00,construction,,https://www.unegui.mn/adv/7957494_krantai-mashin/,no,
4207157,Bairand oboi emulis zamask hiine,10000,"10,000₮",MNT,,"УБ — Сүхбаатар, Сүхбаатар, Хороо 1",Сүхбаатар,Өчигдөр,2026-03-03T01:54:55+00:00,construction,,https://www.unegui.mn/adv/4207157_bairand-oboi-emulis-zamask-hiine/,no,
4005886,Байрны засвар хийнэ,100000,"100,000₮",MNT,,"УБ — Сүхбаатар, Сүхбаатар, Хороо 1",Сүхбаатар,Өчигдөр,2026-03-03T01:54:55+00:00,construction,,https://www.unegui.mn/adv/4005886_bairny-zasvar-khiine/,no,
8197400,Бүх төрлийн өрлөг шавар хийнэ,,Үнэ тохирно,MNT,,"УБ — Сүхбаатар, Сүхбаатар, Хороо 1",Сүхбаатар,Өчигдөр,2026-03-03T01:54:55+00:00,construction,,https://www.unegui.mn/adv/8197400_bukh-torliin-orlog-shavar-khiine/,no,
6994847,Бүх төрлийн сантехникын шугамны хөлдөөс гэсгээнэ,,Үнэ тохирно,MNT,,"УБ — Сүхбаатар, Сүхбаатар, Хороо 1",Сүхбаатар,Өчигдөр,2026-03-03T01:54:55+00:00,construction,,https://www.unegui.mn/adv/6994847_santekhnik/,no,
2549470,Эд зүйл өрөмдөж тогтооно,2000,"2,000₮",MNT,,"УБ — Сүхбаатар, Сүхбаатар, Хороо 1",Сүхбаатар,Өчигдөр,2026-03-03T01:54:55+00:00,construction,,https://www.unegui.mn/adv/2549470_khana-taaz-oromdon/,no,
2816492,Засал чимэглэл хийнэ,,Үнэ тохирно,MNT,,"УБ — Сүхбаатар, Сүхбаатар, Хороо 1",Сүхбаатар,Өчигдөр,2026-03-03T01:54:55+00:00,construction,,https://www.unegui.mn/adv/2816492_mujaan-bolon-zasal-chimeglel-hiine/,no,
5803587,Эмулс лаак хийнэ,,Үнэ тохирно,MNT,,"УБ — Сүхбаатар, Сүхбаатар, Хороо 1",Сүхбаатар,Өчигдөр,2026-03-03T01:54:55+00:00,construction,,https://www.unegui.mn/adv/5803587_emuls-khiine/,no,
5041033,Эмулс хийж замаск татна,,Үнэ тохирно,MNT,,"УБ — Сүхбаатар, Сүхбаатар, Хороо 1",Сүхбаатар,Өчигдөр,2026-03-03T01:54:55+00:00,construction,,https://www.unegui.mn/adv/5041033_emuls-khiizh-zamask-tatna/,no,
6184598,Бетон болон тоосгон ханыг хүссэн хэмжээгээр хөрөөдөж гаргана.,1000,"1,000₮",MNT,,"УБ — Сүхбаатар, Сүхбаатар, Хороо 1",Сүхбаатар,Өчигдөр,2026-03-03T01:54:55+00:00,construction,,https://www.unegui.mn/adv/6184598_beton-bolon-toosgon-khanyg-khussen-khemzheegeer-khoroodozh-gargana/,no,
2176464,Усан өрөм хана зүсэж нураана,,Үнэ тохирно,MNT,,"УБ — Сүхбаатар, Сүхбаатар, Хороо 1",Сүхбаатар,Өчигдөр,2026-03-03T01:54:55+00:00,construction,,https://www.unegui.mn/adv/2176464_uran-erem-khana-zvsezh-nuraana/,no,
3521303,Зам талбай сэтэлж зүснэ,100000,"100,000₮",MNT,,"УБ — Сүхбаатар, Сүхбаатар, Хороо 1",Сүхбаатар,Өчигдөр,2026-03-03T01:54:55+00:00,construction,,https://www.unegui.mn/adv/3521303_zam-talbai-getelzh-zusne-25-40sm-beton-khana-uusne/,no,
3135312,Яндан өрөм,10000,"10,000₮",MNT,,"УБ — Сүхбаатар, Сүхбаатар, Хороо 1",Сүхбаатар,Өчигдөр,2026-03-03T01:54:55+00:00,construction,,https://www.unegui.mn/adv/3135312_iandan-orom/,no,
4735119,Hana nuraana,123460,"123,460₮",MNT,,"УБ — Сүхбаатар, Сүхбаатар, Хороо 1",Сүхбаатар,Өчигдөр,2026-03-03T01:54:55+00:00,construction,,https://www.unegui.mn/adv/4735119_hana-nuraana/,no,
7090137,Вакум цонх захиалгаар хийнэ,380000,"380,000₮",MNT,,"УБ — Сүхбаатар, Сүхбаатар, Хороо 1",Сүхбаатар,Өчигдөр,2026-03-03T01:54:55+00:00,construction,,https://www.unegui.mn/adv/7090137_vakum-tsonkh-zakhialgaar-khiine/,no,
2677434,Кор дриллээр цоолно,,Үнэ тохирно,MNT,,"УБ — Сүхбаатар, Сүхбаатар, Хороо 1",Сүхбаатар,Өчигдөр,2026-03-03T01:54:55+00:00,construction,,https://www.unegui.mn/adv/2677434_kor-drilleer-tsoolno/,no,
756743,"Засварлана, шиллэнэ, торлоно",20,20₮,MNT,,"УБ — Сүхбаатар, Сүхбаатар, Хороо 1",Сүхбаатар,Өчигдөр,2026-03-03T01:54:55+00:00,construction,,https://www.unegui.mn/adv/756743_vakum-haalga-tsonhtor/,no,
6074042,"Хүүхдийн хамгаалалттай тор+ялааны тор, хязгаарлагч",30000,"30,000₮",MNT,,"УБ — Сүхбаатар, Сүхбаатар, Хороо 1",Сүхбаатар,Өчигдөр,2026-03-03T01:54:55+00:00,construction,,https://www.unegui.mn/adv/6074042_khuukhdiin-khamgaalalttai-tor-ialaany-tor-khiazgaarlagch/,no,
6921283,"Резин епокси, полиуретан будаг гүйцэтгэл",1,1₮,MNT,,"УБ — Сүхбаатар, Сүхбаатар, Хороо 1",Сүхбаатар,Өчигдөр,2026-03-03T01:54:55+00:00,construction,,https://www.unegui.mn/adv/6921283_rezin-epoksi-budag-guitsetgel/,no,
8138474,Хавтгай дээвэр угсрах болон засвар үйлчилгээ хийнэ,35000,"35,000₮",MNT,,"УБ — Сүхбаатар, Сүхбаатар, Хороо 1",Сүхбаатар,1 өдрийн өмнө,2026-03-03T01:54:55+00:00,construction,,https://www.unegui.mn/adv/8138474_deever/,no,
9097298,"Хана,тааз,плита чулуунд эд зүйлс өрөмдөж,тогтоож өгнө",,Үнэ тохирно,MNT,,"УБ — Сүхбаатар, Сүхбаатар, Хороо 1",Сүхбаатар,1 өдрийн өмнө,2026-03-03T01:54:55+00:00,construction,,https://www.unegui.mn/adv/9097298_khana-taaz-plita-chuluund-ed-zuils-oromdozh-togtoozh-ogno/,no,
4614969,"Гэрлийн шон засна, гэрэл солино",180000,"180,000₮",MNT,,"УБ — Сүхбаатар, Сүхбаатар, Хороо 1",Сүхбаатар,1 өдрийн өмнө,2026-03-03T01:54:55+00:00,construction,,https://www.unegui.mn/adv/4614969_gereliin-shon-zasna-gerel-solino/,no,
5582484,Цэвэр бохирын хөлдүүс гаргана,,Үнэ тохирно,MNT,,"УБ — Сүхбаатар, Сүхбаатар, Хороо 16",Сүхбаатар,1 өдрийн өмнө,2026-03-03T01:54:55+00:00,construction,,https://www.unegui.mn/adv/5582484_tsever-bokhiryn-kholduus-gargana/,no,
3228625,Сэндвичин барилга,250000,"250,000₮",MNT,,"УБ — Сүхбаатар, Сүхбаатар, Хороо 1",Сүхбаатар,1 өдрийн өмнө,2026-03-03T01:54:55+00:00,construction,,https://www.unegui.mn/adv/3228625_sendvichin-barilga/,no,
3021842,Угсралт хийнэ,250000,"250,000₮",MNT,,"УБ — Сүхбаатар, Сүхбаатар, Хороо 1",Сүхбаатар,1 өдрийн өмнө,2026-03-03T01:54:55+00:00,construction,,https://www.unegui.mn/adv/3021842_ugsralt-khiine/,no,
3182201,Зөөврийн сууц барина,250000,"250,000₮",MNT,,"УБ — Сүхбаатар, Сүхбаатар, Хороо 1",Сүхбаатар,1 өдрийн өмнө,2026-03-03T01:54:55+00:00,construction,,https://www.unegui.mn/adv/3182201_tany-khussen-khemzhee-zagvaraar/,no,
3773670,Байшин,280000,"280,000₮",MNT,,"УБ — Сүхбаатар, Сүхбаатар, Хороо 1",Сүхбаатар,1 өдрийн өмнө,2026-03-03T01:54:55+00:00,construction,,https://www.unegui.mn/adv/3773670_tany-khussen-khemzheegeer/,no,
3362981,Байшин барина,350000,"350,000₮",MNT,,"УБ — Сүхбаатар, Сүхбаатар, Хороо 1",Сүхбаатар,1 өдрийн өмнө,2026-03-03T01:54:55+00:00,construction,,https://www.unegui.mn/adv/3362981_tany-khussen-khemzhee-zagvaraar/,no,
3235194,Бүх төрлийн барилга байгууламж,250000,"250,000₮",MNT,,"УБ — Сүхбаатар, Сүхбаатар, Хороо 1",Сүхбаатар,1 өдрийн өмнө,2026-03-03T01:54:55+00:00,construction,,https://www.unegui.mn/adv/3235194_tsatsral-pover-khkhk/,no,
3130089,Хийж гүйцэтгэнэ,250000,"250,000₮",MNT,,"УБ — Сүхбаатар, Сүхбаатар, Хороо 1",Сүхбаатар,1 өдрийн өмнө,2026-03-03T01:54:55+00:00,construction,,https://www.unegui.mn/adv/3130089_chanartai-khiizh-guitsetgene/,no,
3197726,Барилга барина,250000,"250,000₮",MNT,,"УБ — Сүхбаатар, Сүхбаатар, Хороо 1",Сүхбаатар,1 өдрийн өмнө,2026-03-03T01:54:55+00:00,construction,,https://www.unegui.mn/adv/3197726_barilgadaa-batalgaa-ogno/,no,
3418595,Сэндивчээр болон төмөр карказ,250000,"250,000₮",MNT,,"УБ — Сүхбаатар, Сүхбаатар, Хороо 1",Сүхбаатар,1 өдрийн өмнө,2026-03-03T01:54:55+00:00,construction,,https://www.unegui.mn/adv/3418595_zagvaryn-ondor-tuvshind/,no,
3540511,"Дээвэр, фасад, сэндвич",250000,"250,000₮",MNT,,"УБ — Сүхбаатар, Сүхбаатар, Хороо 1",Сүхбаатар,1 өдрийн өмнө,2026-03-03T01:54:55+00:00,construction,,https://www.unegui.mn/adv/3540511_deever-fasad-sendvich/,no,
6082462,Бүх төрлийн сууц,1,1.3 сая₮,MNT,,"УБ — Сүхбаатар, Сүхбаатар, Хороо 1",Сүхбаатар,1 өдрийн өмнө,2026-03-03T01:54:55+00:00,construction,,https://www.unegui.mn/adv/6082462_belen-zoovriin-suuts-zarna/,no,
3378559,Төмөр карказ,250000,"250,000₮",MNT,,"УБ — Сүхбаатар, Сүхбаатар, Хороо 1",Сүхбаатар,1 өдрийн өмнө,2026-03-03T01:54:55+00:00,construction,,https://www.unegui.mn/adv/3378559_tomor-karkaz/,no,
3128484,Хаус барина,550000,"550,000₮",MNT,,"УБ — Сүхбаатар, Сүхбаатар, Хороо 1",Сүхбаатар,1 өдрийн өмнө,2026-03-03T01:54:55+00:00,construction,,https://www.unegui.mn/adv/3128484_batalgaa-olgono/,no,
3375298,Бүх төрөлийн барилга байгууламж хийж гүйцэтгэнэ. сэндивч,250000,"250,000₮",MNT,,"УБ — Сүхбаатар, Сүхбаатар, Хороо 1",Сүхбаатар,1 өдрийн өмнө,2026-03-03T01:54:55+00:00,construction,,https://www.unegui.mn/adv/3375298_bukh-toroliin-barilga-baiguulamzh-chanartai-khiamd-khiizh-guitsetgene-sendivch/,no,
3363243,Карказ н сууц барина,250000,"250,000₮",MNT,,"УБ — Сүхбаатар, Сүхбаатар, Хороо 1",Сүхбаатар,1 өдрийн өмнө,2026-03-03T01:54:55+00:00,construction,,https://www.unegui.mn/adv/3363243_karkaz-n-suuts-barina/,no,
3179220,Сэндвич барина,250000,"250,000₮",MNT,,"УБ — Сүхбаатар, Сүхбаатар, Хороо 1",Сүхбаатар,1 өдрийн өмнө,2026-03-03T01:54:55+00:00,construction,,https://www.unegui.mn/adv/3179220_sendvich-barina/,no,
5735049,Цацрал повер ххк,550000,"550,000₮",MNT,,"УБ — Сүхбаатар, Сүхбаатар, Хороо 1",Сүхбаатар,1 өдрийн өмнө,2026-03-03T01:54:55+00:00,construction,,https://www.unegui.mn/adv/5735049_tsatsral-pover-khkhk/,no,
3375716,Cэндвичэн барилгa хийнэ,250000,"250,000₮",MNT,,"УБ — Сүхбаатар, Сүхбаатар, Хороо 1",Сүхбаатар,1 өдрийн өмнө,2026-03-03T01:54:55+00:00,construction,,https://www.unegui.mn/adv/3375716_manai-kompani-n-sendvichen-barilgyg-chanaryn-ondor-tuvshind-khurdan-shuur/,no,
4005875,Oboi naana emulis hiine,100000,"100,000₮",MNT,,"УБ — Сүхбаатар, Сүхбаатар, Хороо 1",Сүхбаатар,1 өдрийн өмнө,2026-03-03T01:54:55+00:00,construction,,https://www.unegui.mn/adv/4005875_oboi-naana-emulis-hiine/,no,
7524361,Гагнуур хийж үйлчилнэ,20,20₮,MNT,,"УБ — Сүхбаатар, Сүхбаатар, Хороо 1",Сүхбаатар,1 өдрийн өмнө,2026-03-03T01:54:55+00:00,construction,,https://www.unegui.mn/adv/7524361_gagnuur-khiizh-uilchilne/,no,
2473777,Энгийн засвар обой эмулис хийнэ,100000,"100,000₮",MNT,,"УБ — Сүхбаатар, Сүхбаатар, Хороо 1",Сүхбаатар,1 өдрийн өмнө,2026-03-03T01:54:55+00:00,construction,,https://www.unegui.mn/adv/2473777_super-zasvar-bolon-engiin-zasvar-interior-hiine/,no,
1842401,Shilen hanа haalga shilen sambar,,Үнэ тохирно,MNT,,"УБ — Сүхбаатар, Сүхбаатар, Хороо 1",Сүхбаатар,1 өдрийн өмнө,2026-03-03T01:54:55+00:00,construction,,https://www.unegui.mn/adv/1842401_shilen-hana-haalga-shilen-sambar-zahialga-avna-90680404/,no,
5254946,Emuls hiine,,Үнэ тохирно,MNT,,"УБ — Сүхбаатар, Сүхбаатар, Хороо 1",Сүхбаатар,2 өдрийн өмнө,2026-03-03T01:54:55+00:00,construction,,https://www.unegui.mn/adv/5254946_emuls-hiine/,no,
5078352,Dotor zasal hiine,1,1₮,MNT,,"УБ — Сүхбаатар, Сүхбаатар, Хороо 1",Сүхбаатар,2 өдрийн өмнө,2026-03-03T01:54:55+00:00,construction,,https://www.unegui.mn/adv/5078352_dotor-zasal-hiine/,no,
5095844,Эмульс хийнэ,,Үнэ тохирно,MNT,,"УБ — Сүхбаатар, Сүхбаатар, Хороо 1",Сүхбаатар,2 өдрийн өмнө,2026-03-03T01:54:55+00:00,construction,,https://www.unegui.mn/adv/5095844_emuls-khiine/,no,
9413704,Сангийн ажил хийнэ,,Үнэ тохирно,MNT,,"УБ — Сүхбаатар, 100 айл",Сүхбаатар,2 өдрийн өмнө,2026-03-03T01:54:55+00:00,construction,,https://www.unegui.mn/adv/9413704_sangiin-azhil-khiine/,no,
3992392,Bairnii zasvar hiine,100000,"100,000₮",MNT,,"УБ — Сүхбаатар, Сүхбаатар, Хороо 1",Сүхбаатар,2 өдрийн өмнө,2026-03-03T01:54:55+00:00,construction,,https://www.unegui.mn/adv/3992392_bairnii-zasvar-hiine/,no,
9472616,Зурагт тогтооно,,Үнэ тохирно,MNT,,"УБ — Сүхбаатар, 100 айл",Сүхбаатар,2 өдрийн өмнө,2026-03-03T01:54:55+00:00,construction,,https://www.unegui.mn/adv/9472616_zuragt-togtoono/,no,
3999732,Oron bairand zasvar hiine,1,1 сая₮,MNT,,"УБ — Сүхбаатар, Сүхбаатар, Хороо 1",Сүхбаатар,2 өдрийн өмнө,2026-03-03T01:54:59+00:00,construction,,https://www.unegui.mn/adv/3999732_oron-bairand-zasvar-hiine/,no,
2370060,Bairand zasvar hiine,500000,"500,000₮",MNT,,"УБ — Сүхбаатар, Сүхбаатар, Хороо 1",Сүхбаатар,2 өдрийн өмнө,2026-03-03T01:54:59+00:00,construction,,https://www.unegui.mn/adv/2370060_1-2-3-4-5-oroo-bair-baishind-zasvar-hiine/,no,
4627656,Метал болон хуванцар вакум хаалга хаалт цонх,180000,"180,000₮",MNT,,"УБ — Сүхбаатар, 100 айл",Сүхбаатар,2 өдрийн өмнө,2026-03-03T01:54:59+00:00,construction,,https://www.unegui.mn/adv/4627656_metal-bolon-khuvantsar-vakum-khaalga-khaalt-tsonkh/,no,
8807763,00н бөглөө гаргана,150000,"150,000₮",MNT,,"УБ — Сүхбаатар, 100 айл",Сүхбаатар,2 өдрийн өмнө,2026-03-03T01:54:59+00:00,construction,,https://www.unegui.mn/adv/8807763_00n-bogloo-gargana/,no,
9485937,Барилгын мужаан болон засварын ажил хийнэ,1120,"1,120₮",MNT,,"УБ — Сүхбаатар, Дарь Эх",Сүхбаатар,2 өдрийн өмнө,2026-03-03T01:54:59+00:00,construction,,https://www.unegui.mn/adv/9485937_barilgyn-muzhaan-bolon-zasvaryn-azhil-khiine/,no,
8781039,Bohirin toson bugluu gargana,,Үнэ тохирно,MNT,,"УБ — Сүхбаатар, 100 айл",Сүхбаатар,2 өдрийн өмнө,2026-03-03T01:54:59+00:00,construction,,https://www.unegui.mn/adv/8781039_bohirin-toson-bugluu-gargana/,no,
4840702,Hundaam shal hiine,1,1₮,MNT,,"УБ — Сүхбаатар, Сүхбаатар, Хороо 1",Сүхбаатар,2 өдрийн өмнө,2026-03-03T01:54:59+00:00,construction,,https://www.unegui.mn/adv/4840702_hundaam-shal-hiine/,no,
9240557,Байрны бүрэн засвар хийнэ.,1,1 сая₮,MNT,,"УБ — Сүхбаатар, 11-р хороолол",Сүхбаатар,2 өдрийн өмнө,2026-03-03T01:54:59+00:00,construction,,https://www.unegui.mn/adv/9240557_bairny-buren-zasvar-khiine/,no,
5963642,Метал фасад хийнэ,140000,"140,000₮",MNT,,"УБ — Сүхбаатар, Сүхбаатар, Хороо 4",Сүхбаатар,2 өдрийн өмнө,2026-03-03T01:54:59+00:00,construction,,https://www.unegui.mn/adv/5963642_khooson-fasad-khiine/,no,
3679535,Караоке ресторан паб засал чимэглэл хийнэ,500000,"500,000₮",MNT,,"УБ — Сүхбаатар, Сүхбаатар, Хороо 1",Сүхбаатар,2 өдрийн өмнө,2026-03-03T01:54:59+00:00,construction,,https://www.unegui.mn/adv/3679535_karaoke-restoran-pab-tokhizhuulna/,no,
5478110,Хаус барина,1,1.8 сая₮,MNT,,"УБ — Сүхбаатар, Сүхбаатар, Хороо 1",Сүхбаатар,2 өдрийн өмнө,2026-03-03T01:54:59+00:00,construction,,https://www.unegui.mn/adv/5478110_khaus-barina/,no,
2368850,"Цонх, хаалга хашраагч",20000,"20,000₮",MNT,,"УБ — Сүхбаатар, Сүхбаатар, Хороо 1",Сүхбаатар,2 өдрийн өмнө,2026-03-03T01:54:59+00:00,construction,,https://www.unegui.mn/adv/2368850_tsonkh-khaalga-khashraagch/,no,
4177454,"Хүүхдийн хамгаалалттай тор, хязгаарлагч хийнэ",80000,"80,000₮",MNT,,"УБ — Сүхбаатар, Сүхбаатар, Хороо 1",Сүхбаатар,2 өдрийн өмнө,2026-03-03T01:54:59+00:00,construction,,https://www.unegui.mn/adv/4177454_khagarch-tsuursan-tsonkh-khaalgany-shil-solikh/,no,
5010657,"Цонх,хаалганы хагарсан шил",,Үнэ тохирно,MNT,,"УБ — Сүхбаатар, Сүхбаатар, Хороо 1",Сүхбаатар,2 өдрийн өмнө,2026-03-03T01:54:59+00:00,construction,,https://www.unegui.mn/adv/5010657_tsonkh-khaalgany-khagarsan-shil/,no,
5165952,Гадна эмулс хийнэ,,Үнэ тохирно,MNT,,"УБ — Сүхбаатар, Сүхбаатар, Хороо 1",Сүхбаатар,2 өдрийн өмнө,2026-03-03T01:54:59+00:00,construction,,https://www.unegui.mn/adv/5165952_gadna-emuls-khiine/,no,
8990353,Бохирын хөлдүү гаргана,,Үнэ тохирно,MNT,,"УБ — Сүхбаатар, 100 айл",Сүхбаатар,2 өдрийн өмнө,2026-03-03T01:54:59+00:00,construction,,https://www.unegui.mn/adv/8990353_bokhiryn-kholduu-gargana/,no,
8829448,Hushig togtoono,,Үнэ тохирно,MNT,,"УБ — Сүхбаатар, 100 айл",Сүхбаатар,2 өдрийн өмнө,2026-03-03T01:54:59+00:00,construction,,https://www.unegui.mn/adv/8829448_hushig-togtoono/,no,
9865773,Абажур тогтооно,,Үнэ тохирно,MNT,,"УБ — Сүхбаатар, 100 айл",Сүхбаатар,2 өдрийн өмнө,2026-03-03T01:54:59+00:00,construction,,https://www.unegui.mn/adv/9865773_abazhur-togtoono/,no,
9021256,Толь тогтооно,,Үнэ тохирно,MNT,,"УБ — Сүхбаатар, 11-р хороолол",Сүхбаатар,2 өдрийн өмнө,2026-03-03T01:54:59+00:00,construction,,https://www.unegui.mn/adv/9021256_tol-togtoono/,no,
9021307,Плита наана,,Үнэ тохирно,MNT,,"УБ — Сүхбаатар, 11-р хороолол",Сүхбаатар,2 өдрийн өмнө,2026-03-03T01:54:59+00:00,construction,,https://www.unegui.mn/adv/9021307_plita-naana/,no,
9475308,Шилэн фасад хийж гүйцэтгэнэ,560000,"560,000₮",MNT,,"УБ — Сүхбаатар, 100 айл",Сүхбаатар,2 өдрийн өмнө,2026-03-03T01:54:59+00:00,construction,,https://www.unegui.mn/adv/9475308_shilen-fasad-chanartai-khiizh-guitsetgene/,no,
9395378,Шилэн фасад угсралт хийнэ,560000,"560,000₮",MNT,,"УБ — Сүхбаатар, 100 айл",Сүхбаатар,2 өдрийн өмнө,2026-03-03T01:54:59+00:00,construction,,https://www.unegui.mn/adv/9395378_shilen-fasad-ugsralt-khiine/,no,
9991011,Шилэн фасад угсарна,650000,"650,000₮",MNT,,"УБ — Сүхбаатар, 11-р хороолол",Сүхбаатар,2 өдрийн өмнө,2026-03-03T01:54:59+00:00,construction,,https://www.unegui.mn/adv/9991011_shilen-fasad-ugsarna/,no,
10031133,Металл фасад чанартай хийж гүйцэтгэнэ,350000,"350,000₮",MNT,,"УБ — Сүхбаатар, 100 айл",Сүхбаатар,2 өдрийн өмнө,2026-03-03T01:54:59+00:00,construction,,https://www.unegui.mn/adv/10031133_metall-fasad-chanartai-khiizh-guitsetgene/,no,
10007447,Шилэн фасад хийнэ,650000,"650,000₮",MNT,,"УБ — Сүхбаатар, 100 айл",Сүхбаатар,2 өдрийн өмнө,2026-03-03T01:54:59+00:00,construction,,https://www.unegui.mn/adv/10007447_shilen-fasad-khiine/,no,
5940768,Хана таазны эмулс хийнэ,,Үнэ тохирно,MNT,,"УБ — Сүхбаатар, Сүхбаатар, Хороо 1",Сүхбаатар,2 өдрийн өмнө,2026-03-03T01:54:59+00:00,construction,,https://www.unegui.mn/adv/5940768_hana-taaznii-emuls-hiine/,no,
8796585,Орон сууцны дотор засварын ажил хийнэ,,Үнэ тохирно,MNT,,"УБ — Сүхбаатар, Сүхбаатар, Хороо 1",Сүхбаатар,3 өдрийн өмнө,2026-03-03T01:54:59+00:00,construction,,https://www.unegui.mn/adv/8796585_oron-suutsny-dotor-zasvaryn-azhil-khiine/,no,
6428706,"Барилгын интерьер дизайны зураг, экстерьер гадна тохижилтын зураг",50000,"50,000₮",MNT,,"УБ — Сүхбаатар, Сүхбаатар, Хороо 1",Сүхбаатар,3 өдрийн өмнө,2026-03-03T01:54:59+00:00,construction,,https://www.unegui.mn/adv/6428706_barilgyn-interer-dizainy-zurag-eksterer-gadna-tokhizhiltyn-zurag/,no,
313595,Интерьер экстерьер хийнэ,1,1₮,MNT,,"УБ — Сүхбаатар, 100 айл",Сүхбаатар,3 өдрийн өмнө,2026-03-03T01:54:59+00:00,construction,,https://www.unegui.mn/adv/313595_interer-eksterer-hijne-96678095/,no,
331136,Энгийн болон супер засвар хийнэ.,,Үнэ тохирно,MNT,,"УБ — Сүхбаатар, Сүхбаатар, Хороо 1",Сүхбаатар,3 өдрийн өмнө,2026-03-03T01:54:59+00:00,construction,,https://www.unegui.mn/adv/331136_engijn-bolon-super-zasvar-hijne-96678095/,no,
7906105,Рек мужааны ажил хийнэ.,1,1₮,MNT,,"УБ — Сүхбаатар, 100 айл",Сүхбаатар,3 өдрийн өмнө,2026-03-03T01:54:59+00:00,construction,,https://www.unegui.mn/adv/7906105_rek-muzhaany-azhil-khiine/,no,
14143,Цахилгааны ажил хийнэ.,,Үнэ тохирно,MNT,,"УБ — Сүхбаатар, Сүхбаатар, Хороо 1",Сүхбаатар,3 өдрийн өмнө,2026-03-03T01:54:59+00:00,construction,,https://www.unegui.mn/adv/14143_tsahilgaanyi-azhil-hijne-96678095/,no,
2380042,"Обой наана, паркет шахна, рек мужааны ажил хийнэ.",,Үнэ тохирно,MNT,,"УБ — Сүхбаатар, Сүхбаатар, Хороо 1",Сүхбаатар,3 өдрийн өмнө,2026-03-03T01:54:59+00:00,construction,,https://www.unegui.mn/adv/2380042_oboi-khuulga-naana-parketan-shal-shakhna/,no,
4998095,Pilta chuluu naana,25000,"25,000₮",MNT,,"УБ — Сүхбаатар, Сүхбаатар, Хороо 1",Сүхбаатар,3 өдрийн өмнө,2026-03-03T01:54:59+00:00,construction,,https://www.unegui.mn/adv/4998095_pilta-chuluu-naana/,no,
3695190,Обой наана,,Үнэ тохирно,MNT,,"УБ — Сүхбаатар, Сүхбаатар, Хороо 1",Сүхбаатар,3 өдрийн өмнө,2026-03-03T01:54:59+00:00,construction,,https://www.unegui.mn/adv/3695190_zamask-emuls-budag-oboi-naana/,no,
5363687,Лаак хийнэ,,Үнэ тохирно,MNT,,"УБ — Сүхбаатар, Сүхбаатар, Хороо 1",Сүхбаатар,3 өдрийн өмнө,2026-03-03T01:54:59+00:00,construction,,https://www.unegui.mn/adv/5363687_zamask-emuls-laak-khiine/,no,
6704353,Паркетан шал шахна,,Үнэ тохирно,MNT,,"УБ — Сүхбаатар, Сүхбаатар, Хороо 1",Сүхбаатар,3 өдрийн өмнө,2026-03-03T01:54:59+00:00,construction,,https://www.unegui.mn/adv/6704353_parketan-shal-shakhna/,no,
6466694,Эмулсний ажил хийнэ,,Үнэ тохирно,MNT,,"УБ — Сүхбаатар, Сүхбаатар, Хороо 1",Сүхбаатар,3 өдрийн өмнө,2026-03-03T01:54:59+00:00,construction,,https://www.unegui.mn/adv/6466694_emulsnii-azhil-khiine/,no,
5165954,Zamask tatna,,Үнэ тохирно,MNT,,"УБ — Сүхбаатар, Сүхбаатар, Хороо 1",Сүхбаатар,3 өдрийн өмнө,2026-03-03T01:54:59+00:00,construction,,https://www.unegui.mn/adv/5165954_zamask-tatna/,no,
8492185,Хөөсөн пасад,35000,"35,000₮",MNT,,"УБ — Сүхбаатар, Сүхбаатар, Хороо 1",Сүхбаатар,3 өдрийн өмнө,2026-03-03T01:54:59+00:00,construction,,https://www.unegui.mn/adv/8492185_khooson-psad/,no,
6182059,Байрны засвар,,Үнэ тохирно,MNT,,"УБ — Сүхбаатар, Сүхбаатар, Хороо 1",Сүхбаатар,3 өдрийн өмнө,2026-03-03T01:54:59+00:00,construction,,https://www.unegui.mn/adv/6182059_bairny-zasvar/,no,
3326875,Вакум цонх хаалганы засвар үйлчилгээ,1,1₮,MNT,,"УБ — Сүхбаатар, Сүхбаатар, Хороо 1",Сүхбаатар,3 өдрийн өмнө,2026-03-03T01:54:59+00:00,construction,,https://www.unegui.mn/adv/3326875_vakum-tsonkh-khaalgany-zasvar-uilchilgee/,no,
9761252,"Вакум цонхны резин, нугас, цоож солих үйлчилгээ",,Үнэ тохирно,MNT,,"УБ — Сүхбаатар, 100 айл",Сүхбаатар,3 өдрийн өмнө,2026-03-03T01:54:59+00:00,construction,,https://www.unegui.mn/adv/9761252_vakuum-tsonkhny-rezin-nugas-tsoozh-solikh-uilchilgee/,no,
9761218,Хагарсан шил солино,,Үнэ тохирно,MNT,,"УБ — Сүхбаатар, 100 айл",Сүхбаатар,3 өдрийн өмнө,2026-03-03T01:54:59+00:00,construction,,https://www.unegui.mn/adv/9761218_khagarsan-shil-solikh/,no,
5221860,5 давхар орон сууцны бэлэн зураг төсөл,1,1₮,MNT,,"УБ — Сүхбаатар, Сүхбаатар, Хороо 1",Сүхбаатар,3 өдрийн өмнө,2026-03-03T01:54:59+00:00,construction,,https://www.unegui.mn/adv/5221860_5-davkhar-oron-suutsny-belen-zurag-tosol/,no,
4291624,"16 davhar, 12 davhar oron suutsnii zurag tusul",80,80 сая₮,MNT,,"УБ — Сүхбаатар, Сүхбаатар, Хороо 1",Сүхбаатар,3 өдрийн өмнө,2026-03-03T01:54:59+00:00,construction,,https://www.unegui.mn/adv/4291624_25x25-hemjeetei-12-davhar-oron-suutsnii-belen-zurag-tusuw-zarna/,no,
3878573,Барилгын зураг төслийн ажил хийж гүйцэтгэнэ,1,1₮,MNT,,"УБ — Сүхбаатар, Сүхбаатар, Хороо 1",Сүхбаатар,3 өдрийн өмнө,2026-03-03T01:54:59+00:00,construction,,https://www.unegui.mn/adv/3878573_barilgiin-zurag-tusliin-ajil-interieriin-ajluudiig-hiij-guitsetgene/,no,
3655705,Барилгын иж бүрэн зураг төсөл хийж гүйцэтгэнэ.,1,1₮,MNT,,"УБ — Сүхбаатар, Сүхбаатар, Хороо 1",Сүхбаатар,3 өдрийн өмнө,2026-03-03T01:54:59+00:00,construction,,https://www.unegui.mn/adv/3655705_barilga-arkhitekturyn-zurag-tosol-khiizh-guitsetgene/,no,
10159462,Гоёлын хашаа хийж байна,80000,"80,000₮",MNT,,"УБ — Сүхбаатар, Сүхбаатар, Хороо 13",Сүхбаатар,3 өдрийн өмнө,2026-03-03T01:54:59+00:00,construction,,https://www.unegui.mn/adv/10159462_goiolyn-khashaa/,no,
2292204,Tsonhnii hamgaalalt,45000,"45,000₮",MNT,,"УБ — Сүхбаатар, Сүхбаатар, Хороо 1",Сүхбаатар,3 өдрийн өмнө,2026-03-03T01:54:59+00:00,construction,,https://www.unegui.mn/adv/2292204_tsonhnii-hamgaalalt/,no,
3741754,Zuslangiin hashaa,17000,"17,000₮22,000₮",MNT,,"УБ — Сүхбаатар, Сүхбаатар, Хороо 14",Сүхбаатар,3 өдрийн өмнө,2026-03-03T01:54:59+00:00,construction,,https://www.unegui.mn/adv/3741754_zuslangiin-hashaa/,no,
10131668,Стандарт хашаа,38000,"38,000₮",MNT,,"УБ — Сүхбаатар, Сүхбаатар, Хороо 13",Сүхбаатар,3 өдрийн өмнө,2026-03-03T01:54:59+00:00,construction,,https://www.unegui.mn/adv/10131668_standart-khashaa/,no,
1808923,Toggui gazar duudlagaar gagnuur hiine,50000,"50,000₮",MNT,,"УБ — Сүхбаатар, Сүхбаатар, Хороо 1",Сүхбаатар,3 өдрийн өмнө,2026-03-03T01:54:59+00:00,construction,,https://www.unegui.mn/adv/1808923_toggui-gazar-duudlagaar-gagnuur-hiine/,no,
9021223,Обой наана,,Үнэ тохирно,MNT,,"УБ — Сүхбаатар, 11-р хороолол",Сүхбаатар,3 өдрийн өмнө,2026-03-03T01:54:59+00:00,construction,,https://www.unegui.mn/adv/9021223_oboi-naana/,no,
5160096,Zamsak hiine zasal.n ajil,1,1₮,MNT,,"УБ — Сүхбаатар, Сүхбаатар, Хороо 1",Сүхбаатар,3 өдрийн өмнө,2026-03-03T01:54:59+00:00,construction,,https://www.unegui.mn/adv/5160096_zamsak-hiine-zasal-n-ajil/,no,
9815163,"Цонхны засвар, үйлчилгээ",,Үнэ тохирно,MNT,,"УБ — Сүхбаатар, 11-р хороолол",Сүхбаатар,3 өдрийн өмнө,2026-03-03T01:54:59+00:00,construction,,https://www.unegui.mn/adv/9815163_turk-rezin/,no,
9815322,Хагарсан шил солино,,Үнэ тохирно,MNT,,"УБ — Сүхбаатар, 100 айл",Сүхбаатар,3 өдрийн өмнө,2026-03-03T01:54:59+00:00,construction,,https://www.unegui.mn/adv/9815322_khagarsan-shil-solino/,no,
2492078,Shawar piltanii ajil hiine,,Үнэ тохирно,MNT,,"УБ — Сүхбаатар, Сүхбаатар, Хороо 1",Сүхбаатар,3 өдрийн өмнө,2026-03-03T01:54:59+00:00,construction,,https://www.unegui.mn/adv/2492078_pilta-shavar-orlogiin-azhil-khiine/,no,
6934245,Gipsen hanа hiine,,Үнэ тохирно,MNT,,"УБ — Сүхбаатар, Сүхбаатар, Хороо 1",Сүхбаатар,3 өдрийн өмнө,2026-03-03T01:54:59+00:00,construction,,https://www.unegui.mn/adv/6934245_gipsen-han-taaz-hiine/,no,
2492014,Bairnii zaswar hiine,,Үнэ тохирно,MNT,,"УБ — Сүхбаатар, Сүхбаатар, Хороо 1",Сүхбаатар,3 өдрийн өмнө,2026-03-03T01:54:59+00:00,construction,,https://www.unegui.mn/adv/2492014_bairnii-zaswar-hiine/,no,
4374291,"Яндан өрмөөр хана, шал, суурь цоолно",20000,"20,000₮",MNT,,"УБ — Сүхбаатар, Сүхбаатар, Хороо 1",Сүхбаатар,3 өдрийн өмнө,2026-03-03T01:55:04+00:00,construction,,https://www.unegui.mn/adv/4374291_iandan-ormoor-20-300dmeer-khana-shal-suur-tsoolno/,no,
7069716,Хана таазанд замаск татна,,Үнэ тохирно,MNT,,"УБ — Сүхбаатар, Сүхбаатар, Хороо 1",Сүхбаатар,3 өдрийн өмнө,2026-03-03T01:55:04+00:00,construction,,https://www.unegui.mn/adv/7069716_khana-taazand-zamask-tatna/,no,
4842723,Wakuum tsonh zaswar uilchilgee hiine,,Үнэ тохирно,MNT,,"УБ — Сүхбаатар, Сүхбаатар, Хороо 1",Сүхбаатар,3 өдрийн өмнө,2026-03-03T01:55:04+00:00,construction,,https://www.unegui.mn/adv/4842723_waakuum-tsonh-zaswar-uilchilgee/,no,
4842719,Shilen hiits shilen hana haalga,1,1₮,MNT,,"УБ — Сүхбаатар, Сүхбаатар, Хороо 1",Сүхбаатар,3 өдрийн өмнө,2026-03-03T01:55:04+00:00,construction,,https://www.unegui.mn/adv/4842719_shilen-hiits-shilen-hana-haalga/,no,
1922360,Яндан өрмөөр цоолно.,,Үнэ тохирно,MNT,,"УБ — Сүхбаатар, Сүхбаатар, Хороо 1",Сүхбаатар,3 өдрийн өмнө,2026-03-03T01:55:04+00:00,construction,,https://www.unegui.mn/adv/1922360_iandan-ormoor-tsoolno/,no,
8106346,Байранд урсгал засвар хийнэ,25000,"25,000₮",MNT,,"УБ — Сүхбаатар, 5-р хороолол",Сүхбаатар,3 өдрийн өмнө,2026-03-03T01:55:04+00:00,construction,,https://www.unegui.mn/adv/8106346_giibsen-khana-taaz-khiine/,no,
7320700,Bairand oboi emulis hiine,,Үнэ тохирно,MNT,,"УБ — Сүхбаатар, 5-р хороолол",Сүхбаатар,3 өдрийн өмнө,2026-03-03T01:55:04+00:00,construction,,https://www.unegui.mn/adv/7320700_oboi-emulis-hiine/,no,
9931209,Абажур хөшиг толь тогтооно,50000,"50,000₮",MNT,,"УБ — Сүхбаатар, 100 айл",Сүхбаатар,4 өдрийн өмнө,2026-03-03T01:55:04+00:00,construction,,https://www.unegui.mn/adv/9931209_abazhur-khoshig-tol-togtoono/,no,
6251683,Вакум цонх,240000,"240,000₮",MNT,,"УБ — Сүхбаатар, Сүхбаатар, Хороо 1",Сүхбаатар,4 өдрийн өмнө,2026-03-03T01:55:04+00:00,construction,,https://www.unegui.mn/adv/6251683_vakum-tsonkh/,no,
7033590,Хүүхэд унахаас хамгаалалттай тор ялаа шумуулын тор,125000,"125,000₮",MNT,,"УБ — Сүхбаатар, Сүхбаатар, Хороо 1",Сүхбаатар,4 өдрийн өмнө,2026-03-03T01:55:04+00:00,construction,,https://www.unegui.mn/adv/7033590_khuukhed-unakhaas-khamgaalalttai-tor-ialaa-shumuulyn-tor/,no,
7184924,Вакум цонх металл хаалга хана засвар үйлчилгээ,180000,"180,000₮",MNT,,"УБ — Сүхбаатар, Сүхбаатар, Хороо 1",Сүхбаатар,4 өдрийн өмнө,2026-03-03T01:55:04+00:00,construction,,https://www.unegui.mn/adv/7184924_vakum-tsonkh-metall-khaalga-khana-zasvar-uilchilgee/,no,
4988525,Бохирын сeвтик хийнэ,,Үнэ тохирно,MNT,,"УБ — Сүхбаатар, Сүхбаатар, Хороо 1",Сүхбаатар,4 өдрийн өмнө,2026-03-03T01:55:04+00:00,construction,,https://www.unegui.mn/adv/4988525_bokhiryn-sevtik-khiine/,no,
323494,Сантeхник,40000,"40,000₮",MNT,,"УБ — Сүхбаатар, Сүхбаатар, Хороо 1",Сүхбаатар,4 өдрийн өмнө,2026-03-03T01:55:04+00:00,construction,,https://www.unegui.mn/adv/323494_slesr-santehnik-99843444/,no,
537885,Duudlagaar tsahilgaanii ajil hiine,1,1₮,MNT,,"УБ — Сүхбаатар, Сүхбаатар, Хороо 1",Сүхбаатар,4 өдрийн өмнө,2026-03-03T01:55:04+00:00,construction,,https://www.unegui.mn/adv/537885_duudlagaar-tsahilgaanii-ajil-hurdan-shuurhai-ochij-hiine/,no,
538013,Duudlagaar ochij tanii ed zuiliig togtooj ugnu,2500,"2,500₮",MNT,,"УБ — Сүхбаатар, Сүхбаатар, Хороо 1",Сүхбаатар,4 өдрийн өмнө,2026-03-03T01:55:04+00:00,construction,,https://www.unegui.mn/adv/538013_duudlagaar-ochij-tanii-ed-zuiliig-hurdan-shuurhai-togtooj-ugnu/,no,
553746,Buh turuliin ed zuil urumduj buudaj togtoono,,Үнэ тохирно,MNT,,"УБ — Сүхбаатар, Сүхбаатар, Хороо 1",Сүхбаатар,4 өдрийн өмнө,2026-03-03T01:55:04+00:00,construction,,https://www.unegui.mn/adv/553746_buh-turuliin-ed-zuil-urumduj-buudaj-togtoono-24-tsagaar/,no,
3611413,Зурагт тогтооно,,Үнэ тохирно,MNT,,"УБ — Сүхбаатар, Сүхбаатар, Хороо 1",Сүхбаатар,4 өдрийн өмнө,2026-03-03T01:55:04+00:00,construction,,https://www.unegui.mn/adv/3611413_zuragt-togtoono/,no,
1461319,Shal shahna,,Үнэ тохирно,MNT,,"УБ — Сүхбаатар, Сүхбаатар, Хороо 1",Сүхбаатар,4 өдрийн өмнө,2026-03-03T01:55:04+00:00,construction,,https://www.unegui.mn/adv/1461319_shal-shahna/,no,
593972,Bair oron suutsnii super bolon engiin zaswar hiinne,900,900₮,MNT,,"УБ — Сүхбаатар, Сүхбаатар, Хороо 1",Сүхбаатар,4 өдрийн өмнө,2026-03-03T01:55:04+00:00,construction,,https://www.unegui.mn/adv/593972_bair-oron-suutsanii-super-bolon-engiin-urasgal-zasbar-hiine/,no,
827367,Бетонон хана тааз цоолно,2500,"2,500₮",MNT,,"УБ — Сүхбаатар, Сүхбаатар, Хороо 1",Сүхбаатар,4 өдрийн өмнө,2026-03-03T01:55:04+00:00,construction,,https://www.unegui.mn/adv/827367_betonon-hana-taaz-tsoolno/,no,
1431437,Bann paalandana ungulnu,,Үнэ тохирно,MNT,,"УБ — Сүхбаатар, Сүхбаатар, Хороо 1",Сүхбаатар,4 өдрийн өмнө,2026-03-03T01:55:04+00:00,construction,,https://www.unegui.mn/adv/1431437_banna-paalandan-ungulnu/,no,
1431413,Hanan piishin huulnu,,Үнэ тохирно,MNT,,"УБ — Сүхбаатар, Сүхбаатар, Хороо 1",Сүхбаатар,4 өдрийн өмнө,2026-03-03T01:55:04+00:00,construction,,https://www.unegui.mn/adv/1431413_hanan-piishin-huulun/,no,
4333764,Цахилгааны ажил хийнэ,,Үнэ тохирно,MNT,,"УБ — Сүхбаатар, Сүхбаатар, Хороо 1",Сүхбаатар,4 өдрийн өмнө,2026-03-03T01:55:04+00:00,construction,,https://www.unegui.mn/adv/4333764_tsakhilgaany-azhil-khiine/,no,
2404277,Bugluus gargana,,Үнэ тохирно,MNT,,"УБ — Сүхбаатар, Сүхбаатар, Хороо 1",Сүхбаатар,4 өдрийн өмнө,2026-03-03T01:55:04+00:00,construction,,https://www.unegui.mn/adv/2404277_bugluus-gargan/,no,
704296,Дээврийн ажил хийнэ,1,1₮,MNT,,"УБ — Сүхбаатар, Шарга морьт",Сүхбаатар,4 өдрийн өмнө,2026-03-03T01:55:04+00:00,construction,,https://www.unegui.mn/adv/704296_deeverijn-azhil-hijne/,no,
4333782,Дээвэр хийнэ бүх төрлийн дээвэр засварлана,30,30₮,MNT,,"УБ — Сүхбаатар, Дамбадаржаа",Сүхбаатар,4 өдрийн өмнө,2026-03-03T01:55:04+00:00,construction,,https://www.unegui.mn/adv/4333782_deever-khiine/,no,
1498671,Тоггүй газар дуудлагаар гагнуур хийнэ,80000,"80,000₮",MNT,,"УБ — Сүхбаатар, Сүхбаатар, Хороо 1",Сүхбаатар,4 өдрийн өмнө,2026-03-03T01:55:04+00:00,construction,,https://www.unegui.mn/adv/1498671_toggj-gazar-duudlagaar-gagnuur-hijne/,no,
2514161,Гагнуурын ажил хийнэ,28000,"28,000₮",MNT,,"УБ — Сүхбаатар, Сүхбаатар, Хороо 1",Сүхбаатар,4 өдрийн өмнө,2026-03-03T01:55:04+00:00,construction,,https://www.unegui.mn/adv/2514161_tomor-khiits/,no,
2605714,Сендвичэн байшин барина,100000,"100,000₮",MNT,,"УБ — Сүхбаатар, Бага тойрог",Сүхбаатар,4 өдрийн өмнө,2026-03-03T01:55:04+00:00,construction,,https://www.unegui.mn/adv/2605714_sendvichen-baishin-barina/,no,
3782287,Гадаа сандал хийнэ,360000,"360,000₮",MNT,,"УБ — Сүхбаатар, Сүхбаатар, Хороо 1",Сүхбаатар,4 өдрийн өмнө,2026-03-03T01:55:04+00:00,construction,,https://www.unegui.mn/adv/3782287_gadaa-sandal-khiine/,no,
4574188,Барилгын түр хашаа хийнэ,32000,"32,000₮",MNT,,"УБ — Сүхбаатар, 100 айл",Сүхбаатар,4 өдрийн өмнө,2026-03-03T01:55:04+00:00,construction,,https://www.unegui.mn/adv/4574188_barilgyn-tur-khashaa/,no,
9942334,Цэвэр бохирын хөлдүү гаргана,800000,"800,000₮",MNT,,"УБ — Сүхбаатар, 100 айл",Сүхбаатар,4 өдрийн өмнө,2026-03-03T01:55:04+00:00,construction,,https://www.unegui.mn/adv/9942334_tsever-bokhiryn-kholduu-gargana/,no,
9942438,Угаалгын машин холбоно,1,1₮,MNT,,"УБ — Сүхбаатар, 100 айл",Сүхбаатар,4 өдрийн өмнө,2026-03-03T01:55:04+00:00,construction,,https://www.unegui.mn/adv/9942438_ugaalgyn-mashin-kholbono/,no,
9942658,Дүүжин тааз хийнэ,,Үнэ тохирно,MNT,,"УБ — Сүхбаатар, 100 айл",Сүхбаатар,4 өдрийн өмнө,2026-03-03T01:55:04+00:00,construction,,https://www.unegui.mn/adv/9942658_duuzhin-taaz-khiine/,no,
9944746,Паркетан шал шахна,,Үнэ тохирно,MNT,,"УБ — Сүхбаатар, 100 айл",Сүхбаатар,4 өдрийн өмнө,2026-03-03T01:55:04+00:00,construction,,https://www.unegui.mn/adv/9944746_parketan-shal-shakhna/,no,
9951752,Хаалга суулгана,,Үнэ тохирно,MNT,,"УБ — Сүхбаатар, 100 айл",Сүхбаатар,4 өдрийн өмнө,2026-03-03T01:55:04+00:00,construction,,https://www.unegui.mn/adv/9951752_khaalga-suulgana/,no,
4665615,Бохирын бөглөрсөн асуудал шийднэ,,Үнэ тохирно,MNT,,"УБ — Сүхбаатар, Сүхбаатар, Хороо 1",Сүхбаатар,4 өдрийн өмнө,2026-03-03T01:55:04+00:00,construction,,https://www.unegui.mn/adv/4665615_bokhiryn-boglorson-asuudal-shiidne/,no,
3518617,Зурагт тогтооно,,Үнэ тохирно,MNT,,"УБ — Сүхбаатар, Сүхбаатар, Хороо 1",Сүхбаатар,4 өдрийн өмнө,2026-03-03T01:55:04+00:00,construction,,https://www.unegui.mn/adv/3518617_zuragt-togtoono/,no,
10086866,Hushig zuragt abajur toli togtoono,,Үнэ тохирно,MNT,,"УБ — Сүхбаатар, 100 айл",Сүхбаатар,4 өдрийн өмнө,2026-03-03T01:55:04+00:00,construction,,https://www.unegui.mn/adv/10086866_hushig-zuragt-abajur-toil-togtoono/,no,
10086859,Bohirin bugluu gargana,,Үнэ тохирно,MNT,,"УБ — Сүхбаатар, 100 айл",Сүхбаатар,4 өдрийн өмнө,2026-03-03T01:55:04+00:00,construction,,https://www.unegui.mn/adv/10086859_bohirin-bugluu-gargana/,no,
2544369,Газар шорооны ажил хийнэ.,20000,"20,000₮",MNT,,"УБ — Сүхбаатар, Сүхбаатар, Хороо 1",Сүхбаатар,4 өдрийн өмнө,2026-03-03T01:55:04+00:00,construction,,https://www.unegui.mn/adv/2544369_gazar-shoroony-azhil-khiine/,no,
7014446,Кабелийн нүх өрөмдөж цоолж гаргана аа.,890,890₮,MNT,,"УБ — Сүхбаатар, Сүхбаатар, Хороо 1",Сүхбаатар,4 өдрийн өмнө,2026-03-03T01:55:04+00:00,construction,,https://www.unegui.mn/adv/7014446_kabeliin-nukh-oromdozh-tsoolzh-gargana-aa/,no,
6184611,Бетон болон асфальтан зам талбайг сэтэлж хөрөөднө,10000,"10,000₮",MNT,,"УБ — Сүхбаатар, Сүхбаатар, Хороо 1",Сүхбаатар,4 өдрийн өмнө,2026-03-03T01:55:04+00:00,construction,,https://www.unegui.mn/adv/6184611_beton-bolon-asfaltan-zam-talbaig-setelzh-khoroodno/,no,
7010878,Усан өрмөөр өрөмдөнө өө.,890,890₮,MNT,,"УБ — Сүхбаатар, Сүхбаатар, Хороо 1",Сүхбаатар,4 өдрийн өмнө,2026-03-03T01:55:04+00:00,construction,,https://www.unegui.mn/adv/7010878_usan-ormoor-oromdono-oo/,no,
2741085,Барилга байшин нурааж карааны суурь бутална..,,Үнэ тохирно,MNT,,"УБ — Сүхбаатар, Сүхбаатар, Хороо 1",Сүхбаатар,4 өдрийн өмнө,2026-03-03T01:55:04+00:00,construction,,https://www.unegui.mn/adv/2741085_barilga-baishin-nuraazh-karaany-suur-butalna/,no,
7010843,Гидер базагч аар хана базна.,890,890₮,MNT,,"УБ — Сүхбаатар, Сүхбаатар, Хороо 1",Сүхбаатар,4 өдрийн өмнө,2026-03-03T01:55:04+00:00,construction,,https://www.unegui.mn/adv/7010843_gider-bazagch-aar-khana-bazna/,no,
2457284,Объект болон буруу цутгалттай байшин барилга буулгана.,,Үнэ тохирно,MNT,,"УБ — Сүхбаатар, Сүхбаатар, Хороо 1",Сүхбаатар,4 өдрийн өмнө,2026-03-03T01:55:04+00:00,construction,,https://www.unegui.mn/adv/2457284_obekt-bolon-buruu-zutgalttai-baishin-barilga-buulgana/,no,
4407524,Плитa өрнө,17000,"17,000₮",MNT,,"УБ — Сүхбаатар, Сүхбаатар, Хороо 1",Сүхбаатар,4 өдрийн өмнө,2026-03-03T01:55:04+00:00,construction,,https://www.unegui.mn/adv/4407524_pilta-azhil-khiin/,no,
5323151,Вакум цонх засвар,1,1₮,MNT,,"УБ — Сүхбаатар, Сүхбаатар, Хороо 1",Сүхбаатар,4 өдрийн өмнө,2026-03-03T01:55:04+00:00,construction,,https://www.unegui.mn/adv/5323151_vakum-tsonkh-zasvakh/,no,
5253960,Вакум цонх,1,1₮,MNT,,"УБ — Сүхбаатар, Сүхбаатар, Хороо 1",Сүхбаатар,4 өдрийн өмнө,2026-03-03T01:55:04+00:00,construction,,https://www.unegui.mn/adv/5253960_vakum-tsonkh/,no,
8323884,Өрлөгийн ажил хийнэ,,Үнэ тохирно,MNT,,"УБ — Сүхбаатар, Сүхбаатар, Хороо 1",Сүхбаатар,4 өдрийн өмнө,2026-03-03T01:55:04+00:00,construction,,https://www.unegui.mn/adv/8323884_orlogiin-azhil-khiine/,no,
8323904,Дээвэр хийнэ,10000,"10,000₮",MNT,,"УБ — Сүхбаатар, Сүхбаатар, Хороо 1",Сүхбаатар,4 өдрийн өмнө,2026-03-03T01:55:04+00:00,construction,,https://www.unegui.mn/adv/8323904_deever-khiine/,no,
1646491,Дээвэр сервис,2500,"2,500₮",MNT,,"УБ — Сүхбаатар, Сүхбаатар, Хороо 1",Сүхбаатар,4 өдрийн өмнө,2026-03-03T01:55:04+00:00,construction,,https://www.unegui.mn/adv/1646491_deever-fasad/,no,
57255,"Бетон хар шал,зам талбай,агуулах,гражын цутгалт хийнэ.",8000,"8,000₮",MNT,,"УБ — Сүхбаатар, Сүхбаатар, Хороо 9",Сүхбаатар,4 өдрийн өмнө,2026-03-03T01:55:04+00:00,construction,,https://www.unegui.mn/adv/57255_har-shaldeevertalbaj-chanartaj-tsutgana/,no,
1689061,Мозайкан шал хийнэ,,Үнэ тохирно,MNT,,"УБ — Сүхбаатар, Сүхбаатар, Хороо 1",Сүхбаатар,4 өдрийн өмнө,2026-03-03T01:55:04+00:00,construction,,https://www.unegui.mn/adv/1689061_mozaikan-shal-khiine/,no,
1689106,Резин будаг хийнэ,,Үнэ тохирно,MNT,,"УБ — Сүхбаатар, Сүхбаатар, Хороо 1",Сүхбаатар,4 өдрийн өмнө,2026-03-03T01:55:04+00:00,construction,,https://www.unegui.mn/adv/1689106_rezin-budag-khiine-epoksi-uritan/,no,
3962384,Алдаатай цутгасан бетон шал талбай янзална,5000,"5,000₮",MNT,,"УБ — Сүхбаатар, Сүхбаатар, Хороо 1",Сүхбаатар,4 өдрийн өмнө,2026-03-03T01:55:04+00:00,construction,,https://www.unegui.mn/adv/3962384_aldaatai-tsutgasan-beton-shal-talbai-ianzalna/,no,
3975467,Дээврийн бетон цутгана,5000,"5,000₮",MNT,,"УБ — Сүхбаатар, Сүхбаатар, Хороо 1",Сүхбаатар,4 өдрийн өмнө,2026-03-03T01:55:04+00:00,construction,,https://www.unegui.mn/adv/3975467_deevriin-beton-tsutgana/,no,
4857795,Сагс болон хүүхдийн тоглоомын талбай,50000,"50,000₮",MNT,,"УБ — Сүхбаатар, Сүхбаатар, Хороо 1",Сүхбаатар,4 өдрийн өмнө,2026-03-03T01:55:04+00:00,construction,,https://www.unegui.mn/adv/4857795_sags-bolon-khuukhdiin-togloomyn-talbai/,no,
7377593,Bvh turliin gagnuuriin ajil hiij gvitsetgene,1,1₮,MNT,,"УБ — Сүхбаатар, Сүхбаатар, Хороо 15",Сүхбаатар,4 өдрийн өмнө,2026-03-03T01:55:04+00:00,construction,,https://www.unegui.mn/adv/7377593_bvh-turliin-gagnuuriin-ajil-trass-hashaa-gvideg-halga-hiymd-hiij-gvitsetgene/,no,
